"Table 1b. Revised (Adjusted1) Estimates of Monthly Inventories of Merchant Wholesalers, Except Manufacturers' Sales Branches and Offices: January 1992 Through July 2025.",,,,,,,,,,,,,,,,,,,,,,,
,,,,,,,,,,,,,,,,,,,,,,,
"Inventories estimates are in millions of dollars.  Estimates are based on data from the Monthly Wholesale Trade Survey, and have been benchmarked using the results of the Annual Wholesale Trade Survey.",,,,,,,,,,,,,,,,,,,,,,,
"For a full description of the NAICS codes used in this table, see the 2017 NAICS manual or <www.census.gov/naics>.",,,,,,,,,,,,,,,,,,,,,,,
"Additional information on sampling variability, confidentiality protection, sampling error, nonsampling error, sample design, and definitions may be found at <www.census.gov/wholesale/>.",,,,,,,,,,,,,,,,,,,,,,,
Notes:,,,,,,,,,,,,,,,,,,,,,,,
"    1 Except where indicated, inventories estimates are adjusted for seasonal variation.  Estimates are adjusted for trading day differences, but not for price changes.",,,,,,,,,,,,,,,,,,,,,,,
"    2 For January 1998 through December 2003, no significant seasonal pattern for NAICS 4241 was detected in the latest annual review of the seasonal adjustment for inventories.  Consequently, the ""Adjusted"" inventories estimates are equal to the ""Not Adjusted"" estimates for those months.",,,,,,,,,,,,,,,,,,,,,,,
"    3 For January 1996 and subsequent months, no significant seasonal pattern for NAICS 4246 was detected in the latest annual review of the seasonal adjustment for inventories.  Consequently, the ""Adjusted"" inventories estimates are equal to the ""Not Adjusted"" estimates.",,,,,,,,,,,,,,,,,,,,,,,
    p Preliminary estimates.,,,,,,,,,,,,,,,,,,,,,,,
    r Revised estimates.,,,,,,,,,,,,,,,,,,,,,,,
   NA = Not available.,,,,,,,,,,,,,,,,,,,,,,,
,,,,,,,,,,,,,,,,,,,,,,,
"Source: U.S. Census Bureau, Monthly Wholesale Trade Survey, September 10, 2025, Project No. P-7503922/CBDRB-FY25-0004.",,,,,,,,,,,,,,,,,,,,,,,
                                                                                                                                                                                                                                    NAICS Code/NAICS Description (sub-parts indicated by one or more leading dots),,,,,,,,,,,,,,,,,,,,,,,
,,"Total Merchant
Wholesalers,
Except
Manufacturers'
Sales Branches
and Offices",".Durable
Goods","..Motor
Vehicle &
Motor
Vehicle
Parts &
Supplies","..Furniture
& Home
Furnishings","..Lumber &
Other
Construction
Materials","..Professional
& Commercial
Equipment &
Supplies","...Computer
& Computer
Peripheral
Equipment
& Software","..Metals &
Minerals,
Except
Petroleum","..Household
Appliances
& Electrical
& Electronic
Goods","..Hardware,
& Plumbing
& Heating
Equipment
& Supplies","..Machinery,
Equipment,
& Supplies","..Miscellaneous
Durable Goods",".Nondurable
Goods","..Paper &
Paper
Products","..Drugs &
Druggists'
Sundries","..Apparel,
Piece
Goods, &
Notions","..Grocery &
Related
Products","..Farm
Product Raw
Materials","..Chemicals
& Allied
Products","..Petroleum
&
Petroleum
Products","..Beer,
Wine, &
Distilled
Alcoholic
Beverages","..Miscellaneous
Nondurable
Goods"
Month,Year,42,423,4231,4232,4233,4234,42343,4235,4236,4237,4238,4239,424,4241 2,4242,4243,4244,4245,4246 3,4247,4248,4249
July   p,2025,"908,055","567,929","89,736","17,482","31,428","64,712","24,672","39,253","81,289","46,435","155,359","42,235","340,126","8,195","99,774","28,239","57,815","23,189","14,603","24,055","25,904","58,352"
June   r,2025,"906,960","569,192","91,205","17,554","31,297","64,225","24,620","39,104","81,848","46,598","154,507","42,854","337,768","8,224","98,055","27,703","56,709","24,393","14,618","24,902","25,859","57,305"
May,2025,"905,458","568,162","92,396","17,537","31,533","64,018","24,467","38,777","79,828","46,630","154,399","43,044","337,296","8,294","97,234","28,376","56,183","25,254","14,338","23,987","26,209","57,421"
April,2025,"908,309","572,336","93,554","17,912","31,452","65,410","25,377","38,745","79,345","46,099","155,603","44,216","335,973","8,281","95,452","28,495","56,158","26,323","14,628","23,310","25,779","57,547"
March,2025,"907,090","571,823","92,989","18,065","31,797","64,410","24,814","38,740","79,733","45,274","157,113","43,702","335,267","8,341","93,562","28,238","55,499","27,021","14,812","25,194","25,705","56,895"
February,2025,"903,934","568,294","91,994","17,619","32,176","63,968","24,637","38,695","80,416","44,493","156,394","42,539","335,640","8,283","93,652","28,034","55,092","27,749","14,538","25,510","25,551","57,231"
January,2025,"899,458","565,730","91,216","17,568","31,672","63,179","23,921","38,836","80,128","43,897","157,010","42,224","333,728","8,123","92,902","28,071","54,490","27,894","14,521","25,087","25,158","57,482"
December,2024,"892,308","561,178","91,772","17,424","31,117","61,254","22,383","38,276","79,082","43,678","156,265","42,310","331,130","8,098","92,058","27,916","53,815","26,969","14,579","25,896","25,002","56,797"
November,2024,"898,277","564,904","92,649","17,481","31,257","61,964","22,165","38,101","80,555","43,800","156,657","42,440","333,373","7,983","95,970","28,409","54,462","26,386","14,678","23,359","25,092","57,034"
October,2024,"897,864","566,722","94,319","17,319","31,015","62,077","22,262","38,109","80,717","43,531","157,230","42,405","331,142","7,961","94,067","28,259","53,348","27,463","14,713","23,855","24,827","56,649"
September,2024,"895,579","566,006","95,024","16,909","30,699","59,894","21,094","37,948","81,469","43,724","157,531","42,808","329,573","7,914","92,832","28,110","52,623","27,868","14,778","24,644","24,920","55,884"
August,2024,"897,971","569,411","97,482","16,724","30,590","61,252","21,561","38,104","81,460","43,438","157,518","42,843","328,560","7,871","94,447","28,683","51,169","25,770","14,639","25,316","24,971","55,694"
July   r,2024,"896,740","568,421","97,192","16,710","30,623","60,604","21,162","38,444","81,731","43,030","157,215","42,872","328,319","7,792","94,744","28,524","51,026","23,815","14,625","25,760","24,896","57,137"
June,2024,"894,462","567,773","95,810","16,711","30,668","59,867","20,873","38,914","81,317","43,124","158,100","43,262","326,689","7,844","92,497","28,771","51,218","24,255","14,755","26,277","24,877","56,195"
May,2024,"893,110","568,060","94,577","16,770","30,749","61,175","21,477","39,600","81,884","43,181","157,515","42,609","325,050","7,769","92,406","28,847","50,715","24,143","14,608","26,018","24,809","55,735"
April,2024,"888,010","565,180","93,599","16,888","30,537","60,321","21,113","39,926","82,066","43,326","156,435","42,082","322,830","7,831","89,882","28,980","50,459","23,279","14,512","27,661","24,711","55,515"
March,2024,"887,937","563,260","92,382","16,934","30,537","60,455","20,816","40,273","82,128","43,047","154,750","42,754","324,677","7,865","90,436","29,735","51,067","24,512","14,536","25,610","24,836","56,080"
February,2024,"892,709","564,643","92,742","16,876","30,398","60,744","20,609","40,971","82,178","43,461","154,083","43,190","328,066","7,957","91,987","30,084","51,626","25,391","14,534","24,819","25,421","56,247"
January,2024,"889,437","559,700","92,101","16,777","30,149","60,384","20,618","40,922","82,238","43,457","150,720","42,952","329,737","8,024","91,413","29,844","51,772","26,906","14,343","25,743","24,793","56,899"
December,2023,"895,920","560,371","91,028","16,786","29,818","60,511","20,471","41,466","83,592","43,436","150,600","43,134","335,549","8,187","91,350","30,882","51,921","28,916","14,787","26,199","24,580","58,727"
November,2023,"890,388","555,399","88,180","17,039","29,528","59,650","20,008","41,978","83,193","43,683","148,211","43,937","334,989","8,113","88,799","31,032","51,666","30,344","14,852","28,462","24,411","57,310"
October,2023,"892,844","556,500","89,532","17,104","29,887","59,598","20,016","42,361","83,730","44,086","146,270","43,932","336,344","8,131","87,818","31,857","52,481","30,607","15,386","28,700","24,661","56,703"
September,2023,"897,170","556,896","89,487","17,285","30,046","59,966","20,069","42,339","83,829","44,413","145,348","44,183","340,274","8,182","88,448","32,350","52,801","30,546","15,541","29,691","24,951","57,764"
August,2023,"896,031","555,988","88,577","17,596","29,787","59,938","19,859","43,079","84,678","44,878","142,909","44,546","340,043","8,375","87,290","33,158","52,319","31,229","15,726","29,005","24,948","57,993"
July,2023,"897,870","556,226","86,730","17,831","29,776","59,927","19,985","43,824","86,246","44,951","141,743","45,198","341,644","8,404","87,753","34,151","52,394","31,642","16,118","28,452","25,103","57,627"
June,2023,"900,285","557,965","86,930","18,374","29,756","60,372","19,975","44,024","87,163","45,436","140,956","44,954","342,320","8,505","87,516","35,369","53,011","31,204","16,041","27,268","25,300","58,106"
May,2023,"904,320","558,664","86,395","18,298","30,096","60,652","19,913","44,954","87,337","45,938","139,327","45,667","345,656","8,772","87,085","36,292","53,940","30,892","16,183","28,429","25,549","58,514"
April,2023,"909,596","557,115","85,461","18,365","30,424","61,128","20,300","44,560","88,102","45,987","137,252","45,836","352,481","9,032","86,921","36,798","55,174","33,464","15,961","29,310","25,863","59,958"
March,2023,"913,613","556,674","85,361","18,521","30,918","61,757","20,648","44,108","88,657","46,448","134,969","45,935","356,939","9,256","87,809","37,654","54,466","35,569","16,217","29,874","26,075","60,019"
February,2023,"913,788","556,483","83,935","18,867","31,646","61,834","21,073","44,299","89,577","46,770","133,361","46,194","357,305","9,515","86,159","38,126","54,724","36,009","16,314","31,130","25,615","59,713"
January,2023,"917,045","556,620","82,444","19,244","32,701","62,415","21,424","44,884","88,609","46,728","132,819","46,776","360,425","9,596","87,048","38,775","54,157","36,994","16,668","32,234","25,220","59,733"
December,2022,"924,269","560,138","82,705","19,772","33,875","63,230","21,745","45,338","89,399","47,187","130,959","47,673","364,131","9,722","85,761","40,262","55,054","37,832","17,031","32,594","25,118","60,757"
November,2022,"923,239","557,501","81,018","20,101","33,689","64,536","23,221","45,355","89,247","47,337","129,372","46,846","365,738","10,003","85,745","41,034","55,335","38,649","17,009","32,989","24,750","60,224"
October,2022,"917,391","552,215","80,116","20,179","33,347","64,762","23,454","45,034","88,500","47,043","126,861","46,373","365,176","10,109","83,879","41,029","55,127","39,017","17,328","32,541","24,735","61,411"
September,2022,"912,573","547,005","79,499","20,702","33,271","64,959","24,089","45,384","88,154","46,537","122,344","46,155","365,568","10,154","84,715","41,734","56,071","40,101","17,432","30,826","24,333","60,202"
August,2022,"909,478","542,228","78,601","20,402","33,401","64,344","24,232","45,267","87,866","46,460","119,830","46,057","367,250","9,933","84,520","40,500","55,812","41,815","17,817","32,152","23,996","60,705"
July,2022,"898,404","534,308","75,365","20,260","33,648","64,751","24,954","45,475","84,649","46,029","117,908","46,223","364,096","10,015","81,723","39,652","56,118","44,025","17,228","31,394","23,605","60,336"
June,2022,"892,658","526,308","73,532","20,141","33,734","63,622","24,364","45,248","83,294","45,222","115,057","46,458","366,350","9,889","82,719","37,884","55,921","46,762","16,883","32,450","23,082","60,760"
May,2022,"877,505","515,713","71,270","19,452","33,496","62,667","24,206","44,352","80,601","44,861","112,669","46,345","361,792","9,642","80,488","36,396","55,338","47,517","16,310","33,307","22,173","60,621"
April,2022,"859,427","506,398","69,852","18,724","33,378","62,338","23,830","43,501","78,488","43,722","110,738","45,657","353,029","9,436","79,981","35,424","54,115","46,548","16,300","30,705","22,019","58,501"
March,2022,"840,531","496,845","68,552","18,166","32,825","61,713","23,417","43,774","76,553","42,349","108,251","44,662","343,686","9,071","79,325","33,527","52,855","43,863","16,164","30,880","21,722","56,279"
February,2022,"818,934","485,611","67,022","17,436","32,846","60,620","22,948","43,534","73,999","40,765","106,211","43,178","333,323","9,073","77,697","32,577","51,164","41,660","15,802","29,598","21,122","54,630"
January,2022,"797,574","476,800","66,055","16,806","31,376","59,548","22,798","43,326","72,791","39,809","105,152","41,937","320,774","9,070","76,030","30,051","49,905","38,209","15,369","28,037","20,906","53,197"
December,2021,"785,918","468,843","66,717","16,208","30,306","58,513","22,388","42,011","70,218","39,006","104,095","41,769","317,075","8,930","77,403","29,196","48,969","37,292","14,965","27,763","21,047","51,510"
November,2021,"765,960","455,594","63,258","15,489","29,044","56,468","21,713","40,444","68,405","38,321","103,302","40,863","310,366","8,840","76,435","27,760","47,873","36,819","14,584","26,456","20,349","51,250"
October,2021,"754,406","444,921","60,198","14,784","29,147","55,950","21,095","39,734","65,862","36,995","102,928","39,323","309,485","8,767","77,275","26,860","46,675","36,631","14,475","28,752","20,085","49,965"
September,2021,"737,651","435,304","58,378","14,411","28,608","55,264","20,696","37,767","65,428","35,785","102,273","37,390","302,347","8,750","75,647","25,766","46,135","36,699","13,901","25,782","19,785","49,882"
August,2021,"727,324","430,695","59,897","14,063","28,170","54,399","20,669","35,952","63,990","34,533","102,369","37,322","296,629","8,851","74,842","24,587","46,084","34,289","13,747","25,811","19,676","48,742"
July,2021,"718,124","424,296","60,818","13,954","27,427","53,415","19,319","34,473","62,015","33,980","101,564","36,650","293,828","8,857","75,617","23,605","45,258","34,345","13,460","25,447","19,318","47,921"
June,2021,"710,180","417,667","60,825","13,486","26,782","53,739","19,696","33,333","60,340","33,360","99,544","36,258","292,513","8,867","75,332","24,037","45,071","34,737","13,150","25,819","18,974","46,526"
May,2021,"702,421","412,506","61,635","13,416","25,854","53,468","19,700","31,710","58,517","33,077","99,719","35,110","289,915","8,806","77,567","24,726","43,979","34,323","12,747","23,457","18,675","45,635"
April,2021,"693,029","408,272","61,210","13,287","24,587","53,287","19,438","31,112","57,762","32,694","99,851","34,482","284,757","8,628","74,980","24,958","42,677","34,400","12,672","24,500","18,208","43,734"
March,2021,"688,629","407,441","60,686","13,224","24,391","53,710","19,917","30,908","57,400","32,347","100,884","33,891","281,188","8,528","75,732","26,030","41,316","31,423","12,515","24,490","18,353","42,801"
February,2021,"681,252","403,345","60,597","13,070","23,222","52,403","19,328","29,880","57,164","31,821","101,521","33,667","277,907","8,415","74,593","25,175","40,932","32,128","12,213","24,030","18,411","42,010"
January,2021,"675,500","400,308","60,803","13,065","22,739","51,647","18,617","29,080","57,098","31,515","101,114","33,247","275,192","8,243","74,729","23,737","41,007","32,815","11,902","22,304","18,557","41,898"
December,2020,"666,216","396,181","60,599","13,171","22,380","50,025","18,144","28,788","56,332","30,822","101,557","32,507","270,035","8,165","72,053","23,903","40,722","31,753","11,641","21,419","18,355","42,024"
November,2020,"663,130","394,373","62,544","12,710","21,822","48,821","17,574","28,869","55,512","30,587","101,646","31,862","268,757","8,224","72,002","24,733","41,440","30,658","11,454","20,780","17,606","41,860"
October,2020,"661,649","392,361","62,051","12,299","21,328","47,716","16,314","29,005","56,385","30,271","101,596","31,710","269,288","8,351","74,494","25,052","41,403","29,998","11,518","19,352","16,921","42,199"
September,2020,"654,119","389,740","62,126","12,264","20,823","47,913","16,906","29,200","54,612","29,132","102,406","31,264","264,379","8,234","72,055","25,570","40,767","27,457","11,642","20,169","16,477","42,008"
August,2020,"650,134","389,013","62,379","12,283","20,315","48,149","17,043","29,382","54,966","28,315","102,089","31,135","261,121","8,118","70,593","26,114","40,880","26,003","11,843","19,550","16,346","41,674"
July,2020,"646,477","386,549","60,515","12,362","19,798","48,545","17,153","29,690","55,205","28,214","101,763","30,457","259,928","7,965","69,822","27,139","41,046","24,359","11,812","19,872","16,153","41,760"
June,2020,"645,738","387,831","59,827","12,631","19,450","49,701","17,831","30,634","54,240","28,065","102,625","30,658","257,907","7,947","68,733","28,588","40,635","22,952","12,198","18,828","16,334","41,692"
May,2020,"653,921","395,652","61,020","12,529","19,683","51,531","18,152","31,866","54,720","28,601","104,224","31,478","258,269","7,895","69,329","30,617","40,128","21,859","12,440","16,925","17,330","41,746"
April,2020,"661,595","403,496","64,631","12,776","20,005","51,840","17,830","31,801","54,679","29,361","106,639","31,764","258,099","7,979","69,736","30,499","40,064","21,899","12,218","15,078","18,402","42,224"
March,2020,"663,356","405,693","67,366","13,005","20,573","49,925","16,871","30,837","54,963","29,510","107,391","32,123","257,663","7,714","67,338","29,866","41,229","22,778","11,980","14,948","18,322","43,488"
February,2020,"669,257","405,111","65,010","13,190","20,970","49,678","16,930","31,638","55,619","29,660","106,923","32,423","264,146","7,921","68,464","28,828","41,896","23,502","12,095","20,210","18,263","42,967"
January,2020,"675,006","408,815","66,109","13,324","21,259","50,130","17,728","32,238","55,833","29,654","107,410","32,858","266,191","8,000","67,773","29,377","41,276","24,483","12,191","21,704","18,070","43,317"
December,2019,"680,111","410,145","66,532","13,425","21,404","50,550","18,462","32,462","56,580","29,515","106,963","32,714","269,966","8,075","67,014","29,686","41,019","26,251","12,429","23,771","18,357","43,364"
November,2019,"680,238","412,284","66,818","13,498","21,358","50,888","18,773","32,936","57,191","29,322","107,515","32,758","267,954","7,950","68,346","29,788","40,825","24,946","12,395","21,606","18,729","43,369"
October,2019,"679,933","415,107","67,883","13,753","21,154","50,665","18,932","33,424","57,426","29,254","108,395","33,153","264,826","8,024","66,023","30,151","40,623","24,273","12,613","21,457","18,406","43,256"
September,2019,"682,270","416,967","67,922","13,825","21,290","50,832","19,107","33,708","57,678","29,251","108,743","33,718","265,303","8,121","64,541","30,667","40,018","25,542","12,852","22,343","18,264","42,955"
August,2019,"686,027","417,642","68,913","14,040","21,133","50,647","18,752","34,055","57,233","29,190","108,502","33,929","268,385","8,258","66,152","30,430","40,533","27,442","12,820","22,438","17,837","42,475"
July,2019,"686,576","417,525","69,433","14,146","21,129","50,579","18,763","34,106","57,008","28,937","108,072","34,115","269,051","8,285","66,166","30,021","40,367","27,651","12,953","23,514","17,637","42,457"
June,2019,"686,775","418,091","68,986","14,083","21,146","50,331","18,629","34,919","57,773","28,954","108,196","33,703","268,684","8,289","65,193","30,271","39,901","27,602","13,036","23,767","17,677","42,948"
May,2019,"686,322","417,195","68,894","14,026","21,044","49,737","18,206","35,310","57,533","29,012","107,909","33,730","269,127","8,419","65,852","30,396","40,089","26,574","13,203","23,039","17,651","43,904"
April,2019,"685,265","416,752","67,972","13,985","21,189","48,845","18,166","35,926","58,586","28,803","107,631","33,815","268,513","8,454","66,678","30,669","40,162","25,373","13,167","24,118","17,468","42,424"
March,2019,"679,184","412,689","65,798","14,185","20,611","49,127","18,259","35,719","58,250","28,776","106,701","33,522","266,495","8,535","65,804","30,991","39,695","25,584","13,161","23,186","17,377","42,162"
February,2019,"679,883","413,218","66,749","14,269","20,734","49,575","18,483","35,510","58,114","28,777","105,963","33,527","266,665","8,663","66,772","30,260","39,747","25,523","13,025","23,001","17,148","42,526"
January,2019,"676,979","411,597","66,158","14,172","20,830","49,842","18,920","35,521","57,939","28,832","105,111","33,192","265,382","8,650","65,261","29,640","39,717","25,562","13,189","23,666","17,002","42,695"
December,2018,"671,324","408,112","65,067","13,933","21,183","49,168","18,784","35,460","57,035","28,738","104,287","33,241","263,212","8,656","65,328","29,086","39,871","26,038","13,106","22,030","16,964","42,133"
November,2018,"664,131","401,933","63,950","13,649","20,758","48,656","18,717","34,560","55,783","28,287","103,092","33,198","262,198","8,632","64,895","28,462","39,351","26,371","12,843","23,820","16,897","40,927"
October,2018,"662,504","399,883","63,274","13,411","20,672","48,260","19,069","34,367","55,560","28,104","102,860","33,375","262,621","8,623","64,873","28,232","38,993","26,204","12,968","25,684","16,856","40,188"
September,2018,"658,230","393,546","61,575","13,239","20,414","47,015","18,352","34,210","55,458","27,663","100,638","33,334","264,684","8,556","64,492","27,710","38,925","27,829","13,051","27,894","16,640","39,587"
August,2018,"653,730","390,125","60,447","13,296","20,417","46,789","18,030","34,194","54,510","27,512","99,731","33,229","263,605","8,629","65,226","27,369","38,404","28,614","13,115","25,595","16,574","40,079"
July,2018,"647,720","386,733","58,070","13,260","20,351","46,553","17,758","34,069","54,883","27,337","99,325","32,885","260,987","8,696","64,735","27,215","38,504","27,755","12,876","24,669","16,558","39,979"
June,2018,"644,857","384,608","59,052","13,272","19,939","46,047","17,137","33,386","54,721","26,906","98,163","33,122","260,249","8,616","64,246","27,078","38,806","27,493","12,709","25,565","16,392","39,344"
May,2018,"644,397","381,753","59,276","13,269","19,800","45,821","17,260","32,380","54,293","26,969","97,769","32,176","262,644","8,633","63,512","27,415","38,887","29,612","12,569","26,186","16,492","39,338"
April,2018,"644,560","381,352","60,500","13,230","19,502","45,861","17,190","32,698","54,344","26,931","96,544","31,742","263,208","8,553","63,041","27,651","38,714","30,932","12,395","25,577","16,583","39,762"
March,2018,"644,648","381,608","60,953","13,294","19,266","45,699","16,863","32,355","54,744","26,677","96,439","32,181","263,040","8,673","64,517","27,816","38,761","29,323","12,566","25,086","16,586","39,712"
February,2018,"642,770","379,463","61,383","13,244","19,085","45,815","17,137","31,260","54,350","26,413","96,202","31,711","263,307","8,616","65,727","28,123","38,941","28,261","12,609","24,877","16,729","39,424"
January,2018,"638,351","375,533","61,199","13,063","18,657","45,077","16,840","31,013","53,813","26,137","95,318","31,256","262,818","8,668","67,567","28,083","38,595","26,430","12,590","25,550","16,801","38,534"
December,2017,"632,638","375,595","61,475","12,953","18,546","45,375","17,069","30,669","53,897","25,970","95,414","31,296","257,043","8,722","63,225","27,941","38,656","25,460","12,768","24,906","16,891","38,474"
November,2017,"631,734","375,403","60,653","12,928","18,356","45,180","16,843","30,884","54,422","25,887","95,450","31,643","256,331","8,742","62,938","28,234","38,309","24,790","12,324","26,163","16,467","38,364"
October,2017,"628,395","373,209","60,223","13,004","18,381","45,534","16,953","30,576","53,738","25,821","94,334","31,598","255,186","8,661","62,945","28,240","39,235","23,992","12,422","24,873","16,336","38,482"
September,2017,"630,042","373,184","61,142","13,069","18,134","45,915","17,040","29,872","53,966","25,760","93,872","31,454","256,858","8,674","63,674","28,250","39,404","24,805","12,304","24,364","16,394","38,989"
August,2017,"626,572","372,261","61,634","12,959","18,020","46,081","17,382","29,501","54,242","25,474","93,577","30,773","254,311","8,574","62,558","28,169","39,135","24,200","12,182","23,514","16,577","39,402"
July,2017,"622,492","369,007","60,528","12,858","17,742","45,791","17,249","28,924","53,812","25,290","93,489","30,573","253,485","8,450","62,133","28,315","38,748","24,314","12,165","23,130","16,629","39,601"
June,2017,"619,512","366,467","60,880","12,896","17,679","46,008","17,276","28,450","52,889","25,171","92,177","30,317","253,045","8,625","64,141","28,402","38,910","23,382","12,049","22,767","16,519","38,250"
May,2017,"614,478","364,742","60,057","12,823","17,690","45,273","16,964","28,290","53,308","24,912","91,865","30,524","249,736","8,623","62,578","28,091","38,564","22,175","11,967","24,062","16,464","37,212"
April,2017,"610,990","362,507","59,687","12,856","17,656","45,090","16,694","27,637","53,336","24,490","91,444","30,311","248,483","8,625","62,478","27,748","38,522","22,726","12,213","24,060","16,220","35,891"
March,2017,"613,445","361,751","60,731","12,744","17,661","44,971","16,751","27,545","52,150","24,554","91,247","30,148","251,694","8,730","63,493","27,813","37,955","23,151","12,205","25,807","16,228","36,312"
February,2017,"612,277","359,512","59,751","12,698","17,566","44,135","16,426","27,726","51,248","24,546","91,713","30,129","252,765","8,631","62,431","27,743","38,031","24,407","12,094","27,107","16,352","35,969"
January,2017,"611,182","358,721","59,542","12,726","17,341","44,186","16,529","27,121","51,105","24,370","91,715","30,615","252,461","8,496","62,832","28,038","38,782","24,179","12,013","25,691","16,214","36,216"
December,2016,"611,347","359,197","62,203","12,581","17,200","43,477","15,637","26,587","51,220","24,234","91,633","30,062","252,150","8,585","62,839","28,300","37,773","23,845","12,206","26,342","16,003","36,257"
November,2016,"607,748","357,300","61,307","12,721","16,964","43,127","15,529","26,350","51,723","24,164","91,440","29,504","250,448","8,714","62,596","28,545","37,636","24,501","11,853","24,161","15,982","36,460"
October,2016,"603,317","353,734","59,649","12,673","16,793","42,588","15,303","26,145","51,515","24,132","91,751","28,488","249,583","8,709","62,860","28,684","37,328","24,140","11,766","23,390","15,714","36,992"
September,2016,"601,913","353,790","59,054","12,455","16,742","42,484","15,224","26,487","50,814","24,290","92,906","28,558","248,123","8,685","63,188","28,935","37,401","23,061","11,835","22,962","15,652","36,404"
August,2016,"600,181","354,877","60,586","12,350","16,554","42,089","15,015","26,749","50,569","24,043","93,198","28,739","245,304","8,625","61,813","29,246","37,370","22,472","11,832","22,334","15,545","36,067"
July,2016,"601,327","354,707","60,858","12,256","16,514","41,986","15,025","26,556","50,188","24,138","93,096","29,115","246,620","8,630","62,971","29,522","36,852","23,834","11,783","21,749","15,333","35,946"
June,2016,"601,952","354,655","60,989","12,155","16,335","41,546","14,849","26,299","50,373","24,137","93,634","29,187","247,297","8,749","63,217","29,568","36,350","24,776","11,624","21,959","15,551","35,503"
May,2016,"602,109","355,306","61,193","12,192","15,995","41,689","15,003","26,174","50,397","23,808","93,960","29,898","246,803","8,776","62,646","30,208","36,555","23,999","11,707","21,514","15,540","35,858"
April,2016,"599,582","354,696","62,056","12,197","15,763","41,272","15,077","26,462","49,470","23,765","94,262","29,449","244,886","8,845","63,523","29,663","36,322","23,060","11,644","20,875","15,479","35,475"
March,2016,"594,164","353,254","62,130","12,197","15,396","41,360","15,252","26,481","49,199","23,713","93,705","29,073","240,910","8,763","61,654","29,210","36,896","21,317","11,542","20,442","15,436","35,650"
February,2016,"593,029","354,221","61,939","12,153","15,439","41,499","15,200","26,865","50,157","23,655","93,612","28,902","238,808","8,922","60,904","29,184","36,766","20,598","11,780","19,488","15,420","35,746"
January,2016,"596,954","355,837","62,712","12,158","15,547","41,728","15,460","27,041","50,300","23,552","94,034","28,765","241,117","8,788","62,549","29,491","36,632","21,699","11,741","19,147","15,194","35,876"
December,2015,"596,850","357,440","62,452","12,135","15,407","41,847","15,499","27,583","51,993","23,590","93,896","28,537","239,410","8,590","60,601","29,432","36,590","21,374","11,903","19,725","15,324","35,871"
November,2015,"599,546","358,890","62,215","12,104","15,595","42,104","15,771","28,711","51,505","23,629","94,648","28,379","240,656","8,577","60,869","28,946","36,311","20,862","11,720","21,746","15,437","36,188"
October,2015,"601,648","360,637","62,612","12,175","15,528","42,213","15,796","29,546","51,510","23,481","94,941","28,631","241,011","8,609","60,167","29,407","36,419","22,502","11,803","20,749","15,345","36,010"
September,2015,"602,332","360,125","62,522","12,147","15,417","41,813","15,740","29,773","51,381","23,442","94,800","28,830","242,207","8,634","59,019","29,657","36,765","24,390","11,854","20,714","15,413","35,761"
August,2015,"600,838","361,559","61,734","12,040","15,375","42,032","16,044","30,442","51,687","23,419","95,961","28,869","239,279","8,625","58,121","29,148","36,797","22,792","12,174","20,960","15,476","35,186"
July,2015,"599,473","361,507","62,165","12,013","15,244","41,946","15,978","31,038","51,484","23,223","95,909","28,485","237,966","8,677","57,541","28,779","36,873","22,299","12,108","21,276","15,450","34,963"
June,2015,"600,675","361,972","61,539","11,864","15,062","42,004","15,976","31,809","51,285","23,009","96,706","28,694","238,703","8,691","57,853","28,642","36,349","22,076","11,973","22,581","15,404","35,134"
May,2015,"595,780","361,507","60,461","11,688","14,927","42,379","16,362","32,299","51,038","23,177","97,102","28,436","234,273","8,731","58,746","28,080","35,837","19,826","11,808","21,201","15,221","34,823"
April,2015,"592,347","360,182","59,246","11,579","14,661","42,425","16,452","32,517","51,209","22,986","97,047","28,512","232,165","8,836","55,771","27,880","35,880","20,853","11,656","21,464","15,212","34,613"
March,2015,"591,813","360,151","58,010","11,541","14,155","42,924","16,443","33,056","51,984","22,755","96,996","28,730","231,662","8,710","56,160","27,394","35,363","22,290","11,460","20,616","15,201","34,468"
February,2015,"589,469","358,882","58,342","11,292","14,187","42,608","16,125","33,123","51,141","22,555","96,708","28,926","230,587","8,745","55,468","27,254","34,725","22,640","11,575","20,729","15,024","34,427"
January,2015,"586,215","357,004","56,452","11,408","14,297","42,658","16,391","33,437","50,539","22,577","96,466","29,170","229,211","8,738","54,432","26,915","35,357","22,433","11,973","20,311","15,009","34,043"
December,2014,"585,484","354,886","55,166","11,392","14,308","42,571","16,472","33,217","49,311","22,356","96,572","29,993","230,598","8,689","54,540","26,807","35,111","23,532","12,124","20,687","15,208","33,900"
November,2014,"584,413","353,873","54,832","11,207","14,268","42,313","16,130","32,811","49,832","22,234","96,147","30,229","230,540","8,646","54,425","27,013","34,659","23,062","11,744","22,078","15,046","33,867"
October,2014,"579,948","351,383","54,826","11,106","14,325","41,887","15,760","32,301","49,473","21,924","95,589","29,952","228,565","8,735","53,204","27,174","34,469","21,488","11,703","23,125","15,127","33,540"
September,2014,"576,307","350,982","55,228","11,216","14,364","41,986","16,183","32,281","49,114","21,608","95,127","30,058","225,325","8,725","51,187","27,068","33,808","20,772","11,867","23,718","15,073","33,107"
August,2014,"574,721","347,115","54,220","11,033","14,194","41,467","15,809","31,606","49,018","21,530","94,083","29,964","227,606","8,662","53,020","26,741","32,810","21,417","11,606","25,203","14,926","33,221"
July,2014,"570,586","345,446","54,185","10,933","13,999","40,662","15,430","31,623","48,606","21,557","93,762","30,119","225,140","8,611","52,176","26,492","33,032","19,984","11,923","25,249","14,982","32,691"
June,2014,"570,146","344,650","53,775","11,025","14,105","40,758","15,787","32,065","48,419","21,210","93,322","29,971","225,496","8,560","50,763","25,923","32,811","21,915","12,040","26,182","14,814","32,488"
May,2014,"568,218","342,032","54,054","10,921","14,064","40,614","15,365","31,050","47,784","20,923","92,887","29,735","226,186","8,518","50,463","26,076","32,602","23,784","11,661","25,587","14,855","32,640"
April,2014,"566,932","339,559","53,012","10,884","13,930","40,663","16,288","30,407","47,491","20,949","92,659","29,564","227,373","8,475","49,635","25,964","32,979","25,217","11,669","25,405","14,954","33,075"
March,2014,"562,285","336,748","53,107","10,776","13,978","40,176","15,219","29,634","46,356","20,738","92,656","29,327","225,537","8,451","49,159","25,882","32,384","24,812","11,533","25,768","14,761","32,787"
February,2014,"557,204","335,111","52,256","10,713","13,916","39,965","15,112","29,876","46,264","20,418","92,462","29,241","222,093","8,492","48,453","25,668","31,451","24,179","11,429","25,541","14,650","32,230"
January,2014,"553,577","332,298","52,009","10,595","13,559","39,355","14,825","29,721","46,098","20,261","91,479","29,221","221,279","8,458","47,094","25,604","31,795","23,292","11,518","26,518","14,781","32,219"
December,2013,"550,413","331,028","50,873","10,709","13,360","39,191","14,990","29,432","47,297","20,160","90,533","29,473","219,385","8,389","46,842","25,133","32,203","23,147","11,685","26,283","14,535","31,168"
November,2013,"547,551","326,585","50,784","10,749","13,102","38,673","14,426","28,985","46,079","20,082","88,737","29,394","220,966","8,369","45,822","24,806","32,580","24,261","11,156","26,904","14,529","32,539"
October,2013,"542,931","324,920","50,953","10,673","12,843","38,188","14,119","28,814","46,306","20,048","87,738","29,357","218,011","8,318","45,073","24,458","32,785","22,375","11,125","27,751","14,507","31,619"
September,2013,"537,318","323,357","49,045","10,563","12,767","39,025","14,997","28,541","46,873","20,022","87,092","29,429","213,961","8,170","44,468","24,368","32,975","20,680","11,201","26,968","14,406","30,725"
August,2013,"534,030","322,268","50,510","10,400","12,848","38,423","14,329","28,740","46,009","19,863","86,090","29,385","211,762","8,211","44,199","24,110","32,490","20,015","11,199","27,308","14,180","30,050"
July,2013,"529,866","320,273","49,166","10,278","12,891","38,406","14,844","28,568","45,618","19,941","86,063","29,342","209,593","8,141","43,730","24,024","32,287","20,362","11,451","26,555","14,059","28,984"
June,2013,"528,428","318,483","49,192","10,112","12,735","38,943","15,112","28,280","45,373","19,996","84,969","28,883","209,945","8,017","42,734","24,304","32,327","22,072","11,348","25,279","14,239","29,625"
May,2013,"528,199","317,931","49,630","10,099","12,678","38,434","14,873","28,263","45,498","20,154","84,214","28,961","210,268","8,034","43,015","24,395","32,322","22,104","11,233","25,130","14,175","29,860"
April,2013,"531,418","320,263","50,144","10,013","12,783","39,075","16,137","28,726","45,459","20,068","85,021","28,974","211,155","8,013","42,262","24,342","32,486","23,464","11,002","25,185","14,231","30,170"
March,2013,"529,313","318,600","48,858","9,873","12,724","38,410","14,853","29,157","45,231","19,903","85,161","29,283","210,713","7,999","41,383","24,536","32,664","23,697","11,194","25,241","13,913","30,086"
February,2013,"528,743","317,295","48,476","9,892","12,678","38,462","14,811","29,104","45,097","19,606","84,439","29,541","211,448","7,920","41,302","24,140","32,439","24,280","11,277","26,433","13,685","29,972"
January,2013,"529,845","317,129","48,462","9,835","12,619","38,213","14,553","29,171","44,959","19,417","84,860","29,593","212,716","7,823","42,057","23,519","32,378","26,026","11,103","26,651","13,627","29,532"
December,2012,"525,627","314,296","49,000","9,787","11,967","37,477","14,168","29,307","45,213","19,398","83,541","28,606","211,331","8,102","40,994","23,712","31,741","26,055","11,564","26,442","13,390","29,331"
November,2012,"524,612","313,792","50,397","9,908","11,853","37,244","14,265","28,961","43,895","19,078","83,780","28,676","210,820","8,025","41,360","23,054","31,750","27,607","11,156","25,747","13,277","28,844"
October,2012,"519,699","311,884","49,700","9,672","11,919","37,081","14,400","29,110","43,015","19,104","83,592","28,691","207,815","8,017","39,647","22,781","31,035","28,599","11,234","24,855","13,194","28,453"
September,2012,"520,436","308,490","49,563","9,647","11,730","36,296","13,593","28,731","42,565","19,032","82,794","28,132","211,946","8,075","40,813","22,588","30,801","31,114","11,100","25,474","13,390","28,591"
August,2012,"514,573","305,756","49,177","9,549","11,596","36,295","13,688","28,284","42,128","19,031","82,144","27,552","208,817","8,082","41,387","22,765","30,713","29,189","10,934","24,089","13,302","28,356"
July,2012,"512,533","305,973","49,631","9,533","11,582","36,699","14,428","27,976","42,055","18,851","80,822","28,824","206,560","8,042","41,976","22,943","31,059","28,213","10,981","22,193","13,219","27,934"
June,2012,"506,338","303,950","49,409","9,385","11,480","36,074","13,525","28,163","41,941","19,049","79,880","28,569","202,388","8,073","39,352","23,191","31,206","26,232","10,812","22,903","12,853","27,766"
May,2012,"503,628","301,874","48,692","9,373","11,489","36,252","13,646","28,415","41,392","18,641","78,942","28,678","201,754","7,954","39,596","23,469","31,150","23,051","10,888","25,433","12,941","27,272"
April,2012,"502,786","299,595","48,392","9,257","11,394","35,636","13,603","28,369","41,334","18,580","77,956","28,677","203,191","7,962","39,442","23,117","30,084","24,701","10,798","27,389","12,552","27,146"
March,2012,"498,967","296,437","47,567","9,275","11,221","35,436","13,482","27,980","41,334","18,615","76,019","28,990","202,530","7,815","39,597","23,078","30,441","24,666","10,672","26,640","12,479","27,142"
February,2012,"497,378","293,520","47,427","9,134","11,051","34,930","13,287","27,744","41,030","18,789","74,984","28,431","203,858","7,901","39,101","22,998","30,819","24,177","10,581","28,284","12,518","27,479"
January,2012,"490,735","291,088","47,601","9,042","11,077","34,740","13,412","27,364","40,808","18,677","73,299","28,480","199,647","7,919","38,607","23,193","30,202","23,158","10,437","26,110","12,466","27,555"
December,2011,"488,877","289,157","47,265","9,015","11,193","35,104","13,508","26,951","40,439","18,617","72,805","27,768","199,720","7,877","38,642","23,216","30,235","23,189","10,713","25,859","12,363","27,626"
November,2011,"482,014","285,942","44,927","8,997","11,376","35,383","14,122","26,791","40,747","18,648","72,242","26,831","196,072","7,828","37,425","23,170","30,010","22,920","10,501","25,004","12,168","27,046"
October,2011,"480,803","285,226","45,390","8,904","11,338","35,809","14,225","26,378","40,381","18,490","71,245","27,291","195,577","7,769","37,424","23,012","30,397","22,600","10,600","24,429","12,165","27,181"
September,2011,"476,017","283,124","45,060","8,878","11,339","35,553","14,133","25,831","39,989","18,284","70,960","27,230","192,893","7,655","37,448","23,369","30,232","21,865","10,645","22,873","11,785","27,021"
August,2011,"479,708","281,217","44,424","8,902","11,195","35,998","14,625","26,281","39,476","18,254","69,237","27,450","198,491","7,655","36,067","23,655","29,972","26,337","10,776","25,057","11,809","27,163"
July,2011,"477,905","278,291","42,806","8,909","11,142","35,881","14,572","25,999","39,131","18,279","69,057","27,087","199,614","7,788","36,395","23,786","29,499","26,001","10,685","26,231","11,757","27,472"
June,2011,"474,358","275,736","42,554","8,970","11,166","34,986","13,904","25,749","38,660","18,254","68,376","27,021","198,622","7,747","36,302","23,182","29,167","26,134","10,566","26,049","11,884","27,591"
May,2011,"469,733","271,486","40,479","8,938","11,190","34,441","13,669","25,098","38,640","18,086","67,063","27,551","198,247","7,772","36,061","22,643","29,165","26,838","10,330","26,788","11,819","26,831"
April,2011,"459,621","265,981","38,933","8,948","11,233","33,920","13,388","24,685","37,884","17,846","66,434","26,098","193,640","7,703","36,258","21,842","28,607","25,793","9,994","25,670","11,811","25,962"
March,2011,"457,069","265,283","40,870","8,770","11,284","33,974","13,335","23,980","37,213","17,679","66,202","25,311","191,786","7,713","36,271","21,876","28,426","25,466","9,815","24,920","11,725","25,574"
February,2011,"452,338","263,652","41,058","8,819","11,194","34,045","13,917","23,492","37,164","17,675","64,608","25,597","188,686","7,575","35,903","21,506","27,649","25,072","9,597","24,776","11,541","25,067"
January,2011,"446,926","261,291","40,373","8,715","11,209","34,039","13,873","22,862","36,630","17,523","64,720","25,220","185,635","7,512","35,659","21,352","27,556","25,070","9,546","23,017","11,265","24,658"
December,2010,"443,292","260,167","40,372","8,605","11,006","33,520","13,509","22,694","36,433","17,069","64,750","25,718","183,125","7,476","36,207","20,889","26,791","23,997","9,396","22,572","11,593","24,204"
November,2010,"436,342","256,576","39,526","8,597","10,802","33,012","13,293","22,484","35,766","16,911","64,304","25,174","179,766","7,326","35,580","21,060","26,000","22,841","9,182","22,101","11,257","24,419"
October,2010,"432,810","254,280","38,278","8,544","10,786","32,738","13,272","22,184","36,015","16,764","63,914","25,057","178,530","7,309","35,282","20,654","26,360","22,586","9,103","22,366","11,094","23,776"
September,2010,"424,273","251,506","38,214","8,405","10,841","32,421","13,147","21,859","35,547","16,606","62,985","24,628","172,767","7,262","35,443","20,264","26,082","18,598","9,311","21,145","11,069","23,593"
August,2010,"418,260","248,593","37,417","8,327","11,040","32,260","13,276","21,485","35,195","16,326","62,805","23,738","169,667","7,201","35,492","19,458","26,581","16,711","9,246","20,719","11,189","23,070"
July,2010,"412,820","246,199","37,709","8,116","11,102","31,973","13,103","21,481","34,599","15,952","61,871","23,396","166,621","7,083","35,144","18,936","26,386","15,728","9,272","20,249","11,117","22,706"
June,2010,"407,725","244,069","37,343","7,944","11,198","31,790","13,018","21,188","33,970","15,788","60,980","23,868","163,656","7,145","35,103","18,220","26,160","14,470","9,037","20,044","10,914","22,563"
May,2010,"405,533","242,703","37,152","7,805","11,113","31,596","12,900","21,028","33,023","15,715","61,083","24,188","162,830","7,082","35,063","17,929","25,612","14,402","8,796","20,428","10,876","22,642"
April,2010,"403,622","241,368","37,478","7,651","10,953","31,283","12,788","20,805","32,974","15,674","59,899","24,651","162,254","6,935","34,120","17,807","25,270","14,311","8,743","21,710","10,788","22,570"
March,2010,"402,416","240,983","38,017","7,550","10,786","30,832","12,338","20,895","32,930","15,804","59,659","24,510","161,433","6,943","33,641","17,660","25,064","14,936","8,650","21,000","11,034","22,505"
February,2010,"399,816","237,914","37,346","7,540","10,726","30,119","11,856","20,190","32,289","15,817","60,077","23,810","161,902","6,939","33,490","17,737","25,184","15,838","8,708","20,558","11,251","22,197"
January,2010,"398,295","236,188","36,961","7,550","10,551","30,159","11,611","20,030","32,130","15,839","60,179","22,789","162,107","6,880","33,455","17,548","24,566","16,446","8,485","20,937","11,362","22,428"
December,2009,"398,096","236,515","36,702","7,587","10,488","30,490","11,826","19,229","31,990","15,906","60,718","23,405","161,581","6,878","33,169","17,330","24,676","17,379","8,315","20,504","11,183","22,147"
November,2009,"399,610","238,137","37,369","7,517","10,596","29,451","10,936","19,498","31,424","15,978","61,956","24,348","161,473","6,897","33,340","17,788","24,384","17,796","8,285","19,610","11,388","21,985"
October,2009,"393,544","238,691","37,370","7,579","10,529","29,117","10,606","19,157","31,424","16,084","63,307","24,124","154,853","6,798","32,960","17,837","24,144","13,272","8,224","18,139","11,318","22,161"
September,2009,"392,069","238,832","36,427","7,635","10,528","29,061","10,522","19,153","31,512","16,150","64,162","24,204","153,237","6,869","32,242","18,171","24,180","12,447","8,404","17,503","11,267","22,154"
August,2009,"396,685","241,028","36,160","7,630","10,565","28,681","10,210","19,793","31,364","16,411","65,423","25,001","155,657","6,959","32,296","18,499","23,926","14,154","8,344","17,572","11,556","22,351"
July,2009,"401,637","245,427","36,802","7,710","10,693","29,069","10,421","20,357","31,869","16,736","66,559","25,632","156,210","6,936","32,001","19,014","24,345","14,713","8,476","16,315","11,502","22,908"
June,2009,"407,810","249,404","37,555","7,887","10,808","29,403","10,631","21,152","32,292","16,975","68,264","25,068","158,406","6,848","32,342","19,499","24,689","15,885","8,483","16,569","11,821","22,270"
May,2009,"413,150","253,541","38,509","7,989","11,124","29,871","10,680","22,393","32,797","17,094","69,193","24,571","159,609","7,029","32,485","19,910","24,896","17,334","8,438","15,657","11,659","22,201"
April,2009,"418,409","259,024","39,380","8,114","11,505","30,514","11,032","23,558","33,785","17,414","70,155","24,599","159,385","7,201","32,621","20,267","25,388","15,851","8,646","15,068","11,864","22,479"
March,2009,"424,787","265,014","40,922","8,381","12,016","30,839","11,199","25,059","34,471","17,477","71,049","24,800","159,773","7,187","32,605","20,593","25,081","15,395","8,946","15,119","11,974","22,873"
February,2009,"432,864","272,799","42,588","8,541","12,474","31,739","11,505","27,636","35,480","17,514","71,406","25,421","160,065","7,344","33,133","20,927","25,706","14,064","9,387","14,447","11,735","23,322"
January,2009,"440,957","280,309","46,025","8,739","12,850","31,987","11,615","28,484","36,332","17,894","72,457","25,541","160,648","7,522","32,024","20,881","26,082","15,319","9,497","14,238","11,775","23,310"
December,2008,"445,779","283,753","47,459","8,985","13,176","32,815","12,304","28,758","37,171","17,977","71,075","26,337","162,026","7,592","32,056","20,876","26,288","15,436","9,996","13,993","12,019","23,770"
November,2008,"450,647","287,105","46,399","9,153","13,410","33,612","12,998","30,858","38,136","18,432","70,281","26,824","163,542","7,668","32,479","20,405","26,188","15,841","10,019","14,564","11,898","24,480"
October,2008,"453,912","288,201","46,126","9,149","13,807","34,038","13,112","30,994","38,760","18,579","69,775","26,973","165,711","7,742","32,687","20,516","26,557","16,223","10,360","15,371","11,816","24,439"
September,2008,"460,524","289,524","46,704","9,094","13,982","33,932","12,994","30,871","38,159","18,745","70,188","27,849","171,000","7,650","32,796","20,232","26,263","18,689","10,536","18,665","11,674","24,495"
August,2008,"461,418","287,811","46,589","9,223","14,057","33,973","13,161","30,878","37,443","18,678","69,192","27,778","173,607","7,550","33,613","19,566","26,274","21,142","10,603","19,371","11,467","24,021"
July,2008,"457,516","284,315","45,810","9,286","14,013","33,666","12,947","29,719","36,916","18,544","68,821","27,540","173,201","7,575","33,015","19,820","25,652","21,845","10,495","19,564","11,428","23,807"
June,2008,"451,833","280,482","45,539","9,186","13,861","33,692","12,891","29,095","36,837","18,260","67,046","26,966","171,351","7,463","31,877","19,964","25,309","23,438","9,903","18,527","11,290","23,580"
May,2008,"445,387","279,337","45,251","9,178","13,712","34,027","13,255","27,739","36,383","18,327","67,756","26,964","166,050","7,241","31,864","19,878","25,143","21,106","9,920","16,462","11,243","23,193"
April,2008,"442,872","277,548","45,859","9,331","13,395","33,323","12,876","26,839","36,206","18,215","68,285","26,095","165,324","7,374","31,708","19,897","25,056","20,869","9,909","16,984","10,982","22,545"
March,2008,"435,842","273,428","43,968","9,264","13,334","33,380","12,937","25,742","35,792","18,252","67,877","25,819","162,414","7,621","31,560","20,294","24,712","20,053","9,699","15,358","11,088","22,029"
February,2008,"435,013","272,674","44,408","9,375","13,700","32,906","12,471","25,453","35,457","18,301","67,527","25,547","162,339","7,356","31,087","19,827","24,477","20,381","9,512","17,037","11,142","21,520"
January,2008,"430,015","270,292","43,765","9,221","13,970","32,584","12,530","24,772","35,295","18,339","66,944","25,402","159,723","7,242","30,809","19,518","24,895","19,300","9,246","16,657","11,002","21,054"
December,2007,"424,631","266,614","42,960","8,962","13,897","32,234","12,361","24,516","34,824","18,490","66,209","24,522","158,017","7,170","30,951","19,207","24,839","17,971","9,235","17,378","10,788","20,478"
November,2007,"419,326","264,432","41,828","9,064","13,857","32,087","12,332","23,939","34,663","18,426","65,862","24,706","154,894","7,231","30,167","19,380","24,590","17,616","9,064","15,862","10,821","20,163"
October,2007,"414,456","262,719","41,087","9,014","13,843","31,971","12,351","24,267","33,940","18,355","65,389","24,853","151,737","7,234","29,806","19,398","24,428","16,665","8,701","14,881","10,842","19,782"
September,2007,"413,203","262,954","41,793","9,112","13,728","32,316","12,649","24,424","33,805","18,335","64,817","24,624","150,249","7,207","29,570","19,403","24,400","16,408","8,834","14,218","10,936","19,273"
August,2007,"410,229","262,062","41,392","9,122","13,780","32,324","12,538","24,689","33,894","18,209","64,377","24,275","148,167","7,222","29,839","19,810","24,366","15,070","8,771","13,430","10,545","19,114"
July,2007,"409,190","261,456","40,479","9,131","13,742","32,130","12,444","25,182","33,813","18,265","64,307","24,407","147,734","7,292","29,545","19,624","24,635","13,916","8,997","13,923","10,760","19,042"
June,2007,"408,147","262,402","40,934","9,061","13,872","32,195","12,448","25,380","33,811","18,155","64,207","24,787","145,745","7,148","29,413","19,358","24,678","12,869","8,795","14,280","10,438","18,766"
May,2007,"406,704","263,023","40,673","8,981","14,009","32,105","12,388","25,608","33,924","18,094","64,503","25,126","143,681","7,045","29,316","19,064","24,441","12,098","8,392","14,293","10,235","18,797"
April,2007,"405,540","261,698","40,228","8,952","14,138","31,885","12,277","25,289","33,497","18,169","64,024","25,516","143,842","7,111","29,655","18,643","24,111","11,886","8,445","14,175","10,334","19,482"
March,2007,"404,019","262,775","41,619","9,050","14,309","31,859","12,274","25,548","33,651","17,655","63,849","25,235","141,244","7,086","28,179","19,076","24,025","12,081","8,473","13,101","10,055","19,168"
February,2007,"401,692","262,219","40,986","8,882","14,384","31,634","12,418","25,811","33,481","17,290","64,912","24,839","139,473","7,135","28,762","18,929","23,392","11,750","8,503","12,647","9,946","18,409"
January,2007,"400,024","261,373","41,839","8,853","14,452","31,559","12,503","25,714","33,515","17,347","64,023","24,071","138,651","7,109","29,149","18,877","22,741","12,148","8,483","12,585","9,881","17,678"
December,2006,"398,773","260,164","41,168","8,792","14,672","31,380","12,408","26,009","33,403","17,511","62,623","24,606","138,609","7,045","29,174","18,569","22,468","12,513","8,241","13,034","9,675","17,890"
November,2006,"400,269","261,236","42,272","8,707","14,968","31,156","12,371","25,963","33,653","17,585","63,055","23,877","139,033","6,963","29,127","18,173","22,593","12,850","8,188","13,943","9,536","17,660"
October,2006,"396,484","260,009","42,529","8,658","15,100","30,830","12,293","25,645","33,665","17,270","62,964","23,348","136,475","7,021","28,897","18,191","22,091","11,411","8,167","13,552","9,380","17,765"
September,2006,"394,221","257,460","41,243","8,560","15,466","30,568","12,000","25,321","33,118","17,333","62,055","23,796","136,761","7,075","29,949","18,190","22,206","9,805","8,364","13,951","9,441","17,780"
August,2006,"392,225","254,782","40,838","8,465","15,380","30,122","11,613","24,662","32,903","17,223","61,591","23,598","137,443","6,936","30,825","18,024","22,115","10,437","8,464","13,533","9,316","17,793"
July,2006,"388,679","252,903","41,228","8,403","15,387","29,760","11,612","23,753","32,793","17,036","61,124","23,419","135,776","6,859","29,674","17,926","21,762","10,406","8,414","14,023","9,128","17,584"
June,2006,"385,141","250,001","40,575","8,370","15,438","29,288","11,402","23,114","32,076","16,871","60,756","23,513","135,140","6,872","29,932","17,744","21,533","10,234","8,566","13,445","9,190","17,624"
May,2006,"382,179","248,015","41,156","8,284","15,214","29,307","11,573","22,521","31,906","16,604","59,691","23,332","134,164","6,958","29,037","17,701","20,999","10,131","8,494","13,748","9,315","17,781"
April,2006,"379,237","246,392","41,982","7,970","15,150","28,965","11,452","22,046","31,624","16,485","58,901","23,269","132,845","6,979","28,915","17,683","21,305","9,654","8,507","12,796","9,195","17,811"
March,2006,"374,722","241,655","39,842","8,038","14,845","28,742","11,523","21,174","31,261","16,379","58,062","23,312","133,067","6,953","29,060","17,834","21,352","9,674","8,443","12,893","9,071","17,787"
February,2006,"373,014","239,815","38,950","8,118","14,661","29,017","11,613","21,238","30,940","16,183","57,433","23,275","133,199","6,875","28,990","17,811","21,605","9,877","8,316","13,474","8,689","17,562"
January,2006,"369,519","237,381","37,676","8,124","14,627","28,452","11,462","21,067","30,471","16,164","57,275","23,525","132,138","6,819","28,307","17,577","21,502","9,727","8,346","13,441","8,771","17,648"
December,2005,"367,815","236,470","38,255","8,086","14,475","28,210","11,292","20,757","30,548","15,525","57,017","23,597","131,345","6,944","28,555","17,923","21,654","9,652","8,185","11,797","8,909","17,726"
November,2005,"363,460","233,383","37,575","8,077","13,968","27,810","11,137","20,556","30,193","15,112","56,769","23,323","130,077","6,970","27,938","18,121","21,312","9,552","8,205","11,879","8,947","17,153"
October,2005,"361,816","231,489","37,501","8,097","13,843","27,905","11,139","20,426","29,860","14,941","55,859","23,057","130,327","6,780","28,497","18,068","21,026","9,953","8,123","11,945","8,899","17,036"
September,2005,"358,776","228,336","36,801","7,851","13,350","27,540","11,140","20,226","30,323","14,558","55,495","22,192","130,440","6,857","28,259","17,884","20,866","10,200","8,044","12,404","8,800","17,126"
August,2005,"357,377","228,365","37,117","7,804","13,802","27,465","10,861","20,458","30,307","14,432","55,341","21,639","129,012","6,913","27,589","17,789","20,595","10,555","8,076","11,881","8,780","16,834"
July,2005,"355,599","228,413","37,067","7,648","13,912","27,507","10,667","20,742","30,529","14,268","54,292","22,448","127,186","6,651","27,580","17,704","20,302","10,667","8,017","11,006","8,420","16,839"
June,2005,"354,277","227,073","36,867","7,570","13,898","27,533","10,911","20,957","29,962","14,335","53,772","22,179","127,204","6,852","28,589","17,620","20,383","10,446","8,062","9,760","8,496","16,996"
May,2005,"352,900","224,735","35,577","7,666","14,096","27,005","10,730","21,210","29,518","14,212","53,026","22,425","128,165","6,757","29,609","17,541","20,611","10,388","8,006","10,071","8,433","16,749"
April,2005,"352,024","224,210","35,257","7,628","13,980","27,465","10,947","21,292","29,541","14,096","52,808","22,143","127,814","6,675","29,164","17,359","20,668","10,480","8,049","10,075","8,514","16,830"
March,2005,"348,757","222,590","34,400","7,550","14,395","26,858","10,962","21,139","29,736","13,982","52,276","22,254","126,167","6,570","29,373","16,852","20,479","10,120","7,795","10,171","8,412","16,395"
February,2005,"347,095","221,647","35,052","7,503","14,167","26,770","10,895","20,709","29,644","13,930","51,551","22,321","125,448","6,603","30,023","16,593","20,528","9,442","7,741","9,307","8,375","16,836"
January,2005,"345,246","219,687","35,026","7,429","13,801","26,915","10,851","20,534","29,300","13,836","50,716","22,130","125,559","6,558","31,287","16,489","20,433","8,945","7,521","9,177","8,311","16,838"
December,2004,"340,128","216,704","34,128","7,381","13,541","26,771","10,938","19,908","29,010","13,670","50,637","21,658","123,424","6,434","30,312","16,107","20,143","8,566","7,383","9,119","8,258","17,102"
November,2004,"339,330","215,406","34,468","7,392","13,314","26,890","11,110","19,607","28,819","13,557","49,769","21,590","123,924","6,319","31,174","16,736","20,662","8,433","7,267","8,388","8,071","16,874"
October,2004,"335,173","212,902","34,176","7,362","13,494","26,391","10,596","18,908","28,560","13,428","49,139","21,444","122,271","6,395","31,199","15,980","20,497","8,498","7,130","8,201","7,918","16,453"
September,2004,"330,046","210,369","34,985","7,352","13,291","25,860","10,341","17,606","28,489","13,187","48,448","21,151","119,677","6,311","31,006","15,708","19,806","8,582","6,933","7,508","7,864","15,959"
August,2004,"330,102","209,396","35,405","7,322","13,004","25,833","10,533","17,394","28,452","12,968","48,246","20,772","120,706","6,235","31,573","15,320","20,062","9,091","6,826","7,642","7,951","16,006"
July,2004,"326,753","205,506","34,189","7,301","12,816","25,355","10,250","16,558","28,348","12,740","47,695","20,504","121,247","6,111","31,725","15,033","20,253","9,582","6,833","7,418","7,949","16,343"
June,2004,"320,985","202,131","33,323","7,207","12,512","25,344","10,357","15,929","28,243","12,508","47,146","19,919","118,854","5,921","31,107","14,907","20,054","10,533","6,621","6,148","7,892","15,671"
May,2004,"318,279","199,481","33,390","7,090","12,568","24,794","9,844","15,493","28,044","12,373","46,225","19,504","118,798","5,599","31,006","15,284","20,025","11,262","6,584","6,020","7,696","15,322"
April,2004,"314,712","196,256","33,172","7,117","11,826","24,468","9,837","14,714","27,587","12,094","45,775","19,503","118,456","5,650","30,735","15,131","19,881","11,990","6,452","5,991","7,612","15,014"
March,2004,"314,684","195,370","33,221","7,162","11,429","24,692","9,827","14,567","27,170","12,050","45,727","19,352","119,314","5,698","31,654","15,220","19,742","12,261","6,406","6,110","7,524","14,699"
February,2004,"312,700","193,010","32,479","7,099","11,162","24,587","9,656","13,753","26,691","11,924","46,302","19,013","119,690","5,551","31,529","15,125","19,556","12,343","6,428","6,342","7,598","15,218"
January,2004,"308,587","190,149","31,870","7,176","10,938","24,262","9,675","13,159","25,873","11,892","45,786","19,193","118,438","5,585","30,620","14,964","19,447","12,262","6,241","6,170","7,682","15,467"
December,2003,"308,274","189,325","31,935","6,972","10,642","24,343","9,800","12,662","25,996","11,886","45,437","19,452","118,949","5,712","30,815","15,173","19,771","11,809","6,685","6,221","7,717","15,046"
November,2003,"306,187","186,387","30,601","6,876","10,355","24,457","9,514","12,245","25,180","11,864","45,956","18,853","119,800","5,513","31,887","15,114","19,242","12,499","6,352","6,125","7,885","15,183"
October,2003,"305,149","185,888","30,811","6,835","9,953","24,411","9,549","11,978","25,518","11,795","45,852","18,735","119,261","5,470","31,765","14,783","19,411","12,591","6,398","6,028","7,688","15,127"
September,2003,"302,157","185,085","29,896","6,788","9,716","24,521","9,445","11,950","25,720","11,725","46,212","18,557","117,072","5,367","31,712","15,121","19,844","9,759","6,458","5,932","7,690","15,189"
August,2003,"301,237","184,798","30,241","6,791","9,586","24,515","9,604","11,878","25,457","11,705","46,290","18,335","116,439","5,428","32,515","15,362","19,447","9,348","6,466","5,726","7,428","14,719"
July,2003,"301,870","185,382","30,247","6,737","9,442","24,506","9,759","11,998","25,499","11,862","46,552","18,539","116,488","5,492","32,519","15,615","19,473","9,189","6,689","5,299","7,634","14,578"
June,2003,"301,701","186,255","30,925","6,826","9,413","24,225","9,587","12,133","25,749","11,796","46,734","18,454","115,446","5,511","31,676","15,685","19,337","9,144","6,636","5,383","7,570","14,504"
May,2003,"302,570","186,831","30,687","6,804","9,341","24,308","9,665","12,110","25,735","11,832","47,472","18,542","115,739","5,623","32,367","15,435","19,396","8,949","6,666","5,224","7,560","14,519"
April,2003,"304,061","187,813","31,150","6,756","9,377","24,091","9,362","12,343","26,005","11,953","47,536","18,602","116,248","5,627","32,384","15,562","19,716","8,794","6,589","5,237","7,483","14,856"
March,2003,"303,318","187,079","30,741","6,676","9,352","24,519","9,483","12,313","25,807","11,930","47,414","18,327","116,239","5,509","31,857","15,426","20,111","8,792","6,619","5,317","7,594","15,014"
February,2003,"302,158","186,175","30,349","6,585","9,354","24,307","9,421","12,293","25,737","11,728","47,434","18,388","115,983","5,588","31,393","15,159","20,366","9,056","6,653","5,471","7,505","14,792"
January,2003,"301,205","184,500","30,065","6,503","9,197","24,170","9,250","12,147","25,945","11,290","47,034","18,149","116,705","5,479","31,091","15,312","20,472","9,478","6,693","5,668","7,532","14,980"
December,2002,"301,310","185,048","30,170","6,525","9,105","23,995","9,007","12,455","25,957","11,279","47,365","18,197","116,262","5,641","30,810","15,320","19,971","9,727","6,610","5,592","7,455","15,136"
November,2002,"298,642","184,296","30,440","6,419","9,047","23,831","8,927","12,425","26,061","11,140","46,872","18,061","114,346","5,631","29,662","15,125","19,824","9,881","6,527","5,234","7,425","15,037"
October,2002,"298,369","183,696","29,646","6,396","9,019","23,738","9,152","12,353","26,307","11,134","46,912","18,191","114,673","5,524","29,805","15,161","20,236","9,701","6,397","5,321","7,356","15,172"
September,2002,"298,695","184,291","29,341","6,395","8,937","24,293","9,667","12,508","26,142","11,243","47,354","18,078","114,404","5,526","28,903","15,570","19,933","10,164","6,382","5,544","7,227","15,155"
August,2002,"297,511","183,912","28,352","6,328","8,824","24,670","9,954","12,214","26,451","11,186","47,650","18,237","113,599","5,499","28,412","15,153","20,459","10,150","6,344","5,317","6,975","15,290"
July,2002,"296,774","182,757","28,385","6,287","8,748","24,221","9,729","12,077","25,855","11,173","47,997","18,014","114,017","5,579","28,600","14,857","20,331","10,440","6,212","5,430","7,147","15,421"
June,2002,"294,389","181,339","27,963","6,168","8,683","24,210","9,861","11,836","25,592","11,101","47,610","18,176","113,050","5,718","29,061","14,678","20,177","9,605","6,263","5,294","7,105","15,149"
May,2002,"293,545","181,185","27,669","6,126","8,708","23,980","9,762","11,751","25,908","11,123","47,927","17,993","112,360","5,762","28,704","14,357","19,709","9,480","6,291","5,540","7,197","15,320"
April,2002,"293,159","181,306","26,945","6,120","8,677","24,195","9,917","11,732","25,821","10,975","48,527","18,314","111,853","5,676","29,006","14,273","19,283","9,517","6,129","5,664","7,218","15,087"
March,2002,"294,235","181,823","27,263","6,059","8,617","23,617","9,487","11,811","25,999","11,077","49,125","18,255","112,412","5,636","29,363","14,624","19,259","9,703","6,146","5,438","7,152","15,091"
February,2002,"293,971","182,228","27,243","6,173","8,534","23,137","9,185","11,935","26,312","11,058","49,493","18,343","111,743","5,711","29,247","14,836","18,938","9,584","6,129","5,209","6,958","15,131"
January,2002,"296,742","184,290","27,642","6,144","8,641","23,495","9,147","11,993","26,687","11,226","50,083","18,379","112,452","5,857","29,688","15,008","19,063","9,487","6,064","5,064","6,984","15,237"
December,2001,"297,536","185,517","27,747","6,182","8,684","23,711","9,312","12,215","27,150","11,197","50,080","18,551","112,019","5,989","29,558","14,761","18,937","9,370","6,158","4,887","6,863","15,496"
November,2001,"299,419","187,523","28,373","6,297","8,721","23,500","9,420","12,261","27,823","11,275","50,540","18,733","111,896","6,067","28,802","15,157","18,740","9,372","6,104","4,907","6,799","15,948"
October,2001,"302,932","191,362","29,171","6,298","8,880","24,237","9,865","12,497","28,734","11,350","51,539","18,656","111,570","6,119","27,956","15,631","18,580","9,259","6,138","4,785","6,925","16,177"
September,2001,"304,703","191,933","28,756","6,336","8,682","24,631","9,965","12,535","29,054","11,438","51,708","18,793","112,770","6,081","28,241","15,618","19,111","9,415","6,131","4,769","6,969","16,435"
August,2001,"305,464","193,183","28,531","6,250","8,619","25,437","10,409","12,769","29,321","11,494","51,802","18,960","112,281","6,105","26,977","15,631","19,273","9,533","6,113","4,850","6,896","16,903"
July,2001,"306,252","194,733","28,396","6,340","8,461","25,776","10,835","12,775","29,916","11,300","52,497","19,272","111,519","6,234","25,858","15,650","19,137","9,534","6,270","4,978","6,905","16,953"
June,2001,"309,196","196,353","28,248","6,373","8,290","25,929","10,730","12,852","31,004","11,338","52,971","19,348","112,843","6,374","26,161","15,959","19,626","9,374","6,241","4,991","7,019","17,098"
May,2001,"311,619","199,736","28,546","6,518","8,373","26,348","11,323","12,917","31,556","11,267","53,600","20,611","111,883","6,630","25,524","15,765","19,509","9,382","6,254","5,056","6,868","16,895"
April,2001,"310,478","200,357","28,994","6,561","8,373","26,849","11,592","12,927","32,208","11,426","52,704","20,315","110,121","6,625","24,379","15,456","19,782","9,192","6,294","4,795","6,894","16,704"
March,2001,"309,051","200,725","28,882","6,643","8,516","26,562","11,507","13,081","32,012","11,494","53,032","20,503","108,326","6,539","23,575","15,070","19,780","9,210","6,104","4,763","6,890","16,395"
February,2001,"309,036","201,416","29,067","6,595","8,541","27,097","11,839","13,246","31,893","11,546","52,824","20,607","107,620","6,608","22,845","14,895","19,858","9,438","5,890","4,802","6,974","16,310"
January,2001,"308,745","202,190","28,981","6,666","8,582","27,106","11,985","13,407","32,170","11,619","52,712","20,947","106,555","6,550","22,801","14,421","19,967","9,332","5,935","4,704","6,992","15,853"
December,2000,"309,191","201,797","29,087","6,557","8,757","27,461","12,058","13,497","31,837","11,731","52,152","20,718","107,394","6,747","23,137","14,280","20,186","9,397","6,047","4,901","7,043","15,656"
November,2000,"309,328","202,282","28,738","6,621","8,642","28,001","12,580","13,837","31,627","11,663","52,556","20,597","107,046","6,739","22,228","14,318","20,774","9,222","5,968","5,183","6,982","15,632"
October,2000,"307,282","201,363","28,572","6,536","8,599","28,091","13,179","14,000","31,170","11,627","52,215","20,553","105,919","6,713","21,941","14,276","20,338","9,040","5,940","4,858","6,944","15,869"
September,2000,"305,223","200,724","28,526","6,414","8,613","27,914","12,529","14,157","30,374","11,538","52,573","20,615","104,499","6,512","21,470","14,328","20,084","8,770","6,004","4,739","6,883","15,709"
August,2000,"305,053","201,261","29,044","6,606","8,672","27,312","11,868","14,204","30,130","11,633","52,545","21,115","103,792","6,512","21,033","14,145","19,730","8,729","6,186","4,878","6,861","15,718"
July,2000,"304,073","200,411","28,964","6,493","8,847","27,420","11,925","14,212","29,813","11,545","51,826","21,291","103,662","6,496","20,895","14,282","19,757","8,897","6,257","4,657","6,811","15,610"
June,2000,"303,182","200,004","29,161","6,380","8,908","27,474","11,900","14,151","29,205","11,488","52,255","20,982","103,178","6,431","20,432","14,120","19,672","9,186","6,218","4,692","6,775","15,652"
May,2000,"301,245","198,000","28,882","6,242","8,857","27,604","11,900","14,020","28,512","11,289","52,031","20,563","103,245","6,487","19,795","14,486","19,915","9,459","6,203","4,438","6,922","15,540"
April,2000,"299,545","196,481","28,673","6,143","8,836","27,588","12,204","14,072","28,097","11,207","51,618","20,247","103,064","6,484","19,901","14,328","20,016","9,397","6,204","4,540","6,852","15,342"
March,2000,"296,789","194,488","28,204","6,027","8,808","27,637","12,351","13,683","28,154","10,897","51,069","20,009","102,301","6,343","19,764","14,071","19,940","9,287","6,223","4,563","6,791","15,319"
February,2000,"294,593","193,246","27,718","5,943","8,754","28,007","13,404","13,387","27,976","10,916","50,686","19,859","101,347","6,077","19,516","14,064","20,041","8,929","6,115","4,458","6,824","15,323"
January,2000,"292,768","191,936","27,579","5,881","8,674","28,433","13,420","13,116","27,762","10,681","50,455","19,355","100,832","6,161","19,237","14,071","19,979","8,957","6,025","4,349","6,777","15,276"
December,1999,"290,182","190,899","27,280","5,840","8,556","27,987","13,453","12,842","27,874","10,688","50,721","19,111","99,283","5,983","18,771","13,730","20,130","8,654","6,079","4,124","6,682","15,130"
November,1999,"288,823","189,728","27,153","5,679","8,451","27,833","13,258","12,635","27,168","10,740","50,985","19,084","99,095","6,130","18,696","13,484","20,344","8,784","5,827","4,384","6,613","14,833"
October,1999,"285,104","186,906","26,577","5,801","8,518","27,279","12,976","12,385","26,487","10,555","50,631","18,673","98,198","6,053","18,760","13,196","19,943","9,099","5,716","4,316","6,640","14,475"
September,1999,"282,127","185,141","26,497","5,601","8,429","26,746","12,466","12,201","26,056","10,483","50,558","18,570","96,986","6,012","18,153","13,046","19,767","9,057","5,692","4,336","6,648","14,275"
August,1999,"280,588","183,727","26,161","5,562","8,374","26,527","12,593","12,091","25,790","10,392","50,548","18,282","96,861","5,980","18,263","13,174","19,739","9,025","5,728","4,184","6,781","13,987"
July,1999,"279,948","183,757","25,865","5,579","8,412","26,630","12,579","12,193","25,737","10,593","50,578","18,170","96,191","6,003","18,020","13,179","19,677","8,582","5,874","4,232","6,811","13,813"
June,1999,"276,961","182,279","25,350","5,529","8,222","26,802","12,659","12,330","25,052","10,454","50,224","18,316","94,682","5,910","17,680","13,133","19,101","8,621","5,725","4,092","6,692","13,728"
May,1999,"276,792","181,435","25,170","5,408","8,185","26,522","12,530","12,316","24,837","10,444","50,082","18,471","95,357","5,906","17,401","13,385","19,700","8,757","5,803","3,940","6,872","13,593"
April,1999,"276,188","180,051","24,683","5,375","8,037","25,975","11,666","12,207","24,446","10,419","50,381","18,528","96,137","6,003","17,051","13,528","19,812","8,858","5,803","3,972","6,679","14,431"
March,1999,"275,847","180,863","24,578","5,444","7,929","26,981","12,574","12,199","24,701","10,434","49,798","18,799","94,984","5,901","16,283","13,750","19,358","8,690","5,825","3,887","6,945","14,345"
February,1999,"274,923","180,248","24,184","5,441","7,787","27,156","13,292","12,560","24,917","10,395","49,379","18,429","94,675","5,749","16,158","14,247","19,205","8,599","5,910","3,836","6,603","14,368"
January,1999,"272,635","179,178","24,012","5,373","7,770","26,480","12,579","12,929","24,646","10,471","48,965","18,532","93,457","5,801","15,830","13,582","18,900","8,665","5,860","3,770","6,401","14,648"
December,1998,"272,297","178,918","24,030","5,392","7,728","26,778","12,856","12,806","24,678","10,368","48,588","18,550","93,379","5,890","15,547","14,021","18,849","8,828","5,783","3,616","6,300","14,545"
November,1998,"271,044","177,194","23,181","5,379","7,767","27,236","12,766","12,869","24,369","10,313","47,458","18,622","93,850","5,794","15,372","13,982","19,104","8,938","5,718","3,760","6,608","14,574"
October,1998,"269,467","177,071","23,528","5,465","7,753","27,086","12,693","12,760","24,241","10,286","47,207","18,745","92,396","5,686","15,011","13,799","18,957","8,792","5,543","3,907","6,442","14,259"
September,1998,"268,711","176,002","22,989","5,360","7,712","27,567","12,977","12,738","24,366","10,260","46,428","18,582","92,709","5,811","14,810","13,695","19,151","8,721","5,591","4,099","6,385","14,446"
August,1998,"267,204","175,111","22,791","5,329","8,101","27,957","13,494","12,699","24,154","10,306","45,668","18,106","92,093","5,843","14,828","13,792","19,284","8,211","5,575","3,885","6,319","14,356"
July,1998,"264,793","172,942","22,296","5,296","7,976","27,941","13,276","12,363","23,965","10,237","45,188","17,680","91,851","5,939","14,715","13,584","19,289","8,082","5,649","3,945","6,154","14,494"
June,1998,"264,400","172,720","22,524","5,239","7,933","28,009","13,685","12,419","24,085","10,257","44,578","17,676","91,680","5,942","14,635","13,631","19,248","8,096","5,438","4,005","6,224","14,461"
May,1998,"265,233","173,748","22,890","5,221","7,974","28,955","14,233","12,501","23,968","10,137","44,419","17,683","91,485","5,968","14,954","13,514","19,464","7,581","5,687","4,121","5,994","14,202"
April,1998,"263,284","172,840","23,278","5,166","8,068","28,952","14,195","12,402","23,725","10,104","43,603","17,542","90,444","6,123","14,581","13,540","19,189","7,543","5,510","4,001","5,971","13,986"
March,1998,"263,439","172,636","24,242","5,027","7,992","28,837","14,372","12,427","23,376","9,939","43,319","17,477","90,803","6,071","14,404","13,440","18,753","8,301","5,380","3,935","6,327","14,192"
February,1998,"261,734","170,998","23,625","5,070","8,074","28,275","13,517","12,363","22,882","10,020","42,990","17,699","90,736","5,927","14,168","13,383","19,265","8,547","5,386","3,916","5,991","14,153"
January,1998,"259,088","168,966","23,255","5,074","8,098","28,116","13,506","12,321","22,585","9,707","42,329","17,481","90,122","5,729","13,712","13,660","19,056","8,774","5,461","4,109","5,851","13,770"
December,1997,"258,454","168,089","23,002","4,999","8,058","27,533","13,286","12,192","22,727","9,544","42,442","17,592","90,365","5,883","13,416","13,565","18,841","9,103","5,433","4,157","5,954","14,013"
November,1997,"256,109","165,880","22,962","4,986","8,102","27,338","13,058","12,101","22,564","9,520","41,344","16,963","90,229","5,800","13,260","13,563","18,790","9,899","5,468","4,133","5,594","13,722"
October,1997,"254,054","165,240","23,252","4,909","7,999","27,359","13,464","12,115","22,870","9,467","40,722","16,547","88,814","5,763","12,780","13,460","18,648","9,313","5,326","4,158","5,520","13,846"
September,1997,"253,166","165,511","23,709","4,959","8,049","27,046","13,337","12,184","23,146","9,493","40,022","16,903","87,655","5,764","13,070","12,899","18,060","8,567","5,322","4,133","5,621","14,219"
August,1997,"250,888","163,571","23,570","4,907","8,094","26,057","12,501","12,228","23,241","9,358","39,339","16,777","87,317","5,836","12,948","12,933","18,011","8,695","5,452","4,028","5,469","13,945"
July,1997,"249,996","163,333","23,461","4,799","8,071","26,548","12,851","12,222","23,149","9,316","39,266","16,501","86,663","5,638","12,461","12,957","18,084","9,039","5,452","4,073","5,424","13,535"
June,1997,"251,010","164,814","23,586","4,867","7,994","26,406","12,776","12,250","23,316","9,410","40,584","16,401","86,196","5,354","12,312","12,928","18,108","8,849","5,431","4,102","5,497","13,615"
May,1997,"246,725","161,272","22,709","4,981","7,844","25,498","11,982","12,111","22,985","9,412","39,967","15,765","85,453","5,490","12,049","12,685","17,990","8,808","5,141","4,291","5,244","13,755"
April,1997,"245,342","160,033","22,234","4,925","7,699","25,139","11,561","12,095","23,015","9,395","39,355","16,176","85,309","5,400","11,839","12,586","17,767","8,849","5,247","4,294","5,415","13,912"
March,1997,"244,978","159,288","22,657","4,705","7,521","24,440","11,263","11,977","23,339","9,140","38,813","16,696","85,690","5,370","12,080","12,518","17,991","8,781","5,359","4,401","5,233","13,957"
February,1997,"243,583","157,794","22,285","4,798","7,419","24,460","11,267","11,907","22,948","9,342","38,331","16,304","85,789","5,382","11,841","12,419","17,982","8,839","5,311","4,580","5,379","14,056"
January,1997,"243,449","157,579","22,775","4,913","7,248","24,219","11,087","11,609","22,988","9,323","38,268","16,236","85,870","5,346","12,014","12,297","18,079","8,628","5,211","4,645","5,519","14,131"
December,1996,"241,058","156,683","22,332","4,909","7,244","24,379",NA,"11,455","22,728","9,326","37,993","16,317","84,375","5,255","11,813","11,994","18,018","8,526","5,180","4,720","5,501","13,368"
November,1996,"240,909","156,577","23,099","4,939","7,159","24,007",NA,"11,276","23,006","9,164","37,668","16,259","84,332","5,138","11,550","11,143","18,015","8,660","5,334","4,598","5,644","14,250"
October,1996,"240,734","156,044","22,795","4,892","7,171","23,403",NA,"11,124","22,819","9,160","37,903","16,777","84,690","5,271","11,331","11,352","18,407","8,792","5,023","4,548","5,641","14,325"
September,1996,"240,016","156,139","22,365","4,964","7,261","24,324",NA,"10,866","22,668","8,978","38,340","16,373","83,877","5,400","10,631","11,552","18,687","8,592","4,896","4,363","5,467","14,289"
August,1996,"241,755","155,878","23,044","4,950","7,064","23,936",NA,"10,921","23,012","9,010","37,491","16,450","85,877","5,199","11,047","11,476","18,884","9,871","5,057","4,442","5,403","14,498"
July,1996,"241,933","155,306","23,241","4,954","6,973","23,282",NA,"10,801","23,292","9,017","37,336","16,410","86,627","5,195","11,017","11,721","18,784","10,424","4,843","4,240","5,556","14,847"
June,1996,"241,659","154,495","22,994","4,958","6,933","23,493",NA,"10,628","23,374","8,814","37,022","16,279","87,164","5,275","10,758","11,800","18,512","11,641","4,916","4,186","5,438","14,638"
May,1996,"242,517","154,947","22,921","4,914","6,809","23,438",NA,"10,777","24,329","8,816","36,833","16,110","87,570","5,223","10,663","11,868","18,425","11,882","4,975","4,250","5,368","14,916"
April,1996,"242,644","155,453","23,115","4,865","6,763","23,491",NA,"10,771","24,257","8,770","36,956","16,465","87,191","5,220","10,838","11,891","18,550","11,285","5,090","4,428","5,377","14,512"
March,1996,"239,391","154,312","22,146","4,983","6,758","23,702",NA,"10,838","23,971","8,769","37,005","16,140","85,079","5,218","10,579","11,488","18,502","10,724","5,066","4,430","5,335","13,737"
February,1996,"239,571","154,570","23,096","4,946","6,716","23,331",NA,"10,823","24,085","8,708","36,782","16,083","85,001","5,206","10,624","11,783","18,224","10,610","5,027","4,376","5,137","14,014"
January,1996,"239,788","154,900","22,866","4,829","6,713","23,558",NA,"10,935","24,311","8,697","36,650","16,341","84,888","5,294","10,460","11,594","18,304","10,738","4,802","4,353","5,112","14,231"
December,1995,"238,392","154,089","22,954","4,900","6,716","23,621",NA,"11,038","23,864","8,682","36,097","16,217","84,303","5,324","10,398","11,608","18,147","10,612","4,919","4,297","5,119","13,879"
November,1995,"238,149","153,588","22,966","4,955","6,627","23,426",NA,"11,154","23,683","8,714","35,701","16,362","84,561","5,293","10,594","11,801","18,103","10,626","4,777","4,248","5,151","13,968"
October,1995,"238,005","152,682","22,845","4,922","6,496","23,069",NA,"11,282","23,302","8,765","35,754","16,247","85,323","5,383","10,793","11,819","18,396","10,530","4,819","4,272","5,149","14,162"
September,1995,"237,075","151,232","23,145","4,966","6,544","22,669",NA,"11,358","23,012","8,574","34,848","16,116","85,843","5,315","11,041","11,985","18,497","10,789","5,014","4,406","5,236","13,560"
August,1995,"236,003","150,618","23,319","5,055","6,370","22,698",NA,"11,487","22,775","8,448","34,529","15,937","85,385","5,324","11,007","12,231","18,119","10,925","4,832","4,450","5,240","13,257"
July,1995,"235,664","150,469","23,427","5,077","6,327","22,672",NA,"11,576","22,236","8,430","34,324","16,400","85,195","5,293","11,023","12,313","18,269","10,247","4,873","4,595","5,132","13,450"
June,1995,"233,297","149,443","23,539","5,157","6,435","22,096",NA,"11,503","22,048","8,489","33,835","16,341","83,854","5,281","11,248","12,181","17,940","9,268","4,900","4,626","4,984","13,426"
May,1995,"231,862","148,581","23,944","4,904","6,584","21,784",NA,"11,626","21,554","8,492","33,440","16,253","83,281","5,208","11,245","12,273","17,909","8,865","4,822","4,674","5,087","13,198"
April,1995,"231,002","147,705","23,602","4,862","6,626","21,646",NA,"11,691","21,232","8,459","33,360","16,227","83,297","5,225","11,105","12,476","17,970","8,715","4,754","4,592","4,958","13,502"
March,1995,"228,569","146,537","23,094","4,823","6,685","21,668",NA,"11,681","20,989","8,649","32,773","16,175","82,032","5,122","10,941","12,398","17,653","8,981","4,697","4,514","5,008","12,718"
February,1995,"226,012","144,919","23,174","4,764","6,763","21,244",NA,"11,558","20,701","8,391","32,567","15,757","81,093","5,078","10,486","12,456","17,488","8,799","4,693","4,442","5,036","12,615"
January,1995,"224,148","143,094","22,717","4,691","6,583","20,924",NA,"11,668","20,369","8,369","32,126","15,647","81,054","4,936","10,735","12,360","17,796","8,796","4,572","4,378","5,024","12,457"
December,1994,"221,978","141,975","22,449","4,654","6,631","20,772",NA,"11,399","20,255","8,457","31,869","15,489","80,003","4,859","10,688","11,935","17,698","8,824","4,463","4,408","4,972","12,156"
November,1994,"219,673","140,240","22,345","4,604","6,567","20,403",NA,"11,336","19,351","8,260","31,998","15,376","79,433","4,818","10,690","11,803","17,511","8,542","4,386","4,479","4,957","12,247"
October,1994,"218,049","139,409","22,299","4,655","6,469","20,396",NA,"11,146","19,455","8,237","31,433","15,319","78,640","4,708","10,569","11,590","17,556","8,098","4,348","4,378","4,974","12,419"
September,1994,"215,081","137,061","21,792","4,613","6,383","19,711",NA,"10,993","19,512","8,277","31,125","14,655","78,020","4,659","10,199","11,475","17,489","8,160","4,296","4,393","4,916","12,433"
August,1994,"213,360","136,055","21,433","4,555","6,399","19,498",NA,"10,810","19,230","8,153","30,810","15,167","77,305","4,673","10,241","11,398","17,250","7,877","4,212","4,377","4,930","12,347"
July,1994,"211,902","135,588","21,769","4,503","6,364","19,633",NA,"10,630","19,104","8,004","30,265","15,316","76,314","4,704","10,245","10,972","16,823","7,928","4,163","4,357","4,930","12,192"
June,1994,"209,820","133,462","21,399","4,479","6,303","19,291",NA,"10,751","18,607","7,854","29,713","15,065","76,358","4,612","10,055","10,661","17,442","8,296","4,095","4,194","4,916","12,087"
May,1994,"210,080","133,392","21,308","4,554","6,149","19,615",NA,"10,406","18,546","7,749","29,830","15,235","76,688","4,661","10,154","10,787","17,071","8,674","4,137","4,111","5,016","12,077"
April,1994,"206,510","130,573","21,204","4,587","6,029","18,927",NA,"10,193","18,117","7,548","29,230","14,738","75,937","4,649","9,985","10,666","17,098","8,552","4,067","4,048","4,933","11,939"
March,1994,"205,748","129,342","20,881","4,533","6,022","18,536",NA,"10,181","17,861","7,468","29,141","14,719","76,406","4,662","9,902","11,050","17,647","8,460","4,028","4,021","4,820","11,816"
February,1994,"206,498","130,021","21,381","4,552","5,978","18,486",NA,"10,120","18,013","7,431","29,257","14,803","76,477","4,716","10,045","10,959","17,350","8,490","4,064","4,042","4,930","11,881"
January,1994,"204,844","129,029","21,608","4,568","5,982","18,409",NA,"10,038","17,610","7,290","28,705","14,819","75,815","4,714","10,164","10,938","17,150","8,318","4,091","3,896","4,852","11,692"
December,1993,"204,842","128,851","22,203","4,522","6,018","17,923",NA,"10,119","17,429","7,238","28,568","14,831","75,991","4,672","10,253","11,161","17,340","8,180","4,113","3,705","4,861","11,706"
November,1993,"203,158","127,481","21,339","4,509","5,819","17,799",NA,"9,913","17,661","7,231","28,481","14,729","75,677","4,426","9,979","11,062","17,350","8,168","4,112","4,073","4,693","11,814"
October,1993,"202,074","127,086","21,398","4,505","6,007","17,662",NA,"9,956","17,765","7,086","28,283","14,424","74,988","4,527","9,786","11,147","17,083","7,593","4,197","4,155","4,723","11,777"
September,1993,"202,858","126,840","21,527","4,450","5,934","17,672",NA,"9,947","17,565","6,948","28,355","14,442","76,018","4,545","9,929","11,493","16,968","7,744","4,166","4,187","4,676","12,310"
August,1993,"201,788","126,359","21,844","4,447","5,944","17,526",NA,"9,892","17,320","6,891","28,201","14,294","75,429","4,562","9,766","10,838","17,085","8,376","4,072","4,218","4,525","11,987"
July,1993,"199,737","125,102","21,325","4,441","5,948","17,354",NA,"9,920","17,102","6,871","28,218","13,923","74,635","4,512","9,624","10,744","16,983","8,362","4,028","4,093","4,590","11,699"
June,1993,"199,698","124,752","20,992","4,526","5,959","17,240",NA,"9,834","17,131","6,873","28,509","13,688","74,946","4,532","9,502","10,974","17,228","8,045","3,975","4,154","4,674","11,862"
May,1993,"199,395","124,670","21,673","4,518","5,992","17,146",NA,"9,647","17,024","6,831","28,307","13,532","74,725","4,529","9,483","10,772","17,748","7,707","3,956","4,129","4,676","11,725"
April,1993,"199,622","125,033","22,005","4,494","6,210","17,079",NA,"9,689","16,828","6,950","28,357","13,421","74,589","4,508","9,481","10,150","18,145","7,643","3,840","4,155","4,787","11,880"
March,1993,"198,831","124,773","22,222","4,521","6,008","17,064",NA,"9,511","17,079","6,958","28,331","13,079","74,058","4,492","9,604","10,275","17,669","7,405","3,867","4,139","4,782","11,825"
February,1993,"197,207","123,399","21,789","4,460","5,851","16,700",NA,"9,458","16,620","6,942","28,405","13,174","73,808","4,448","9,486","10,235","17,857","7,374","3,795","4,195","4,717","11,701"
January,1993,"197,552","123,313","21,993","4,451","5,846","16,638",NA,"9,422","16,614","6,990","28,329","13,030","74,239","4,506","9,701","10,377","17,685","7,360","3,787","4,290","4,723","11,810"
December,1992,"196,914","123,435","22,559","4,496","5,593","16,720",NA,"9,410","16,716","6,831","28,224","12,886","73,479","4,520","9,249","10,432","17,765","7,117","3,661","4,127","4,710","11,898"
November,1992,"195,300","122,368","22,261","4,406","5,499","16,689",NA,"9,425","16,418","6,891","27,913","12,866","72,932","4,587","8,729","10,263","17,746","7,058","3,742","4,153","4,845","11,809"
October,1992,"193,625","121,242","22,020","4,328","5,528","16,272",NA,"9,457","16,639","7,009","27,215","12,774","72,383","4,629","8,990","10,292","17,408","7,169","3,579","4,138","4,779","11,399"
September,1992,"193,344","121,252","21,860","4,327","5,427","16,870",NA,"9,379","15,917","7,051","27,641","12,780","72,092","4,605","8,856","10,239","17,525","7,237","3,566","4,060","4,771","11,233"
August,1992,"192,602","120,572","21,219","4,334","5,400","16,754",NA,"9,274","15,838","7,189","27,772","12,792","72,030","4,488","8,718","10,187","17,729","7,055","3,726","3,973","4,922","11,232"
July,1992,"191,989","119,470","21,032","4,403","5,418","16,357",NA,"9,283","15,875","7,194","27,486","12,422","72,519","4,450","8,716","10,433","17,799","7,126","3,818","4,014","4,912","11,251"
June,1992,"192,831","120,285","21,078","4,409","5,298","16,873",NA,"9,448","15,795","7,116","27,386","12,882","72,546","4,439","8,721","10,474","17,804","7,405","3,734","4,047","4,920","11,002"
May,1992,"189,115","118,129","21,027","4,437","5,257","16,357",NA,"9,408","15,705","7,172","26,686","12,080","70,986","4,346","8,372","10,215","17,669","7,668","3,629","3,909","4,826","10,352"
April,1992,"189,951","118,365","21,122","4,581","5,401","16,149",NA,"9,384","15,892","7,105","26,976","11,755","71,586","4,309","8,469","10,217","17,528","7,741","3,700","3,915","4,840","10,867"
March,1992,"190,547","118,464","21,565","4,355","5,092","16,120",NA,"9,374","15,609","7,018","26,769","12,562","72,083","4,288","8,440","10,321","17,241","7,944","3,628","4,020","5,060","11,141"
February,1992,"189,335","118,137","21,285","4,390","5,052","16,650",NA,"9,410","15,651","7,055","26,339","12,305","71,198","4,192","8,451","9,885","17,109","7,928","3,523","4,007","4,898","11,205"
January,1992,"188,403","117,798","21,040","4,346","5,197","16,674",NA,"9,188","15,752","7,034","26,496","12,071","70,605","4,099","8,317","9,700","16,971","7,830","3,452","4,060","4,978","11,198"
,,,,,,,,,,,,,,,,,,,,,,,
