"Table 1a. Revised (Adjusted1) Estimates of Monthly Sales of Merchant Wholesalers, Except Manufacturers' Sales Branches and Offices:  January 1992 Through July 2025.",,,,,,,,,,,,,,,,,,,,,,,
,,,,,,,,,,,,,,,,,,,,,,,
"Sales estimates are in millions of dollars. Estimates are based on data from the Monthly Wholesale Trade Survey, and have been benchmarked using the results of the Annual Wholesale Trade Survey.",,,,,,,,,,,,,,,,,,,,,,,
"For a full description of the NAICS codes used in this table, see the 2017 NAICS manual or <www.census.gov/naics>.",,,,,,,,,,,,,,,,,,,,,,,
"Additional information on sampling variability, confidentiality protection, sampling error, nonsampling error, sample design, and definitions may be found at <www.census.gov/wholesale/>.",,,,,,,,,,,,,,,,,,,,,,,
Notes:,,,,,,,,,,,,,,,,,,,,,,,
"    1 Sales are adjusted for seasonal variation, trading day differences, and moving holidays. Estimates are not adjusted for price changes.",,,,,,,,,,,,,,,,,,,,,,,
    p Preliminary estimates.,,,,,,,,,,,,,,,,,,,,,,,
    r Revised estimates.,,,,,,,,,,,,,,,,,,,,,,,
   NA = Not available.,,,,,,,,,,,,,,,,,,,,,,,
,,,,,,,,,,,,,,,,,,,,,,,
,,,,,,,,,,,,,,,,,,,,,,,
,,,,,,,,,,,,,,,,,,,,,,,
"Source: U.S. Census Bureau, Monthly Wholesale Trade Survey, September 10, 2025, Project No. P-7503922/CBDRB-FY25-0004.",,,,,,,,,,,,,,,,,,,,,,,
                                                                                                                                                                                                                                    NAICS Code/NAICS Description (sub-parts indicated by one or more leading dots),,,,,,,,,,,,,,,,,,,,,,,
,,"Total Merchant
Wholesalers,
Except
Manufacturers'
Sales Branches
and Offices",".Durable
Goods","..Motor
Vehicle &
Motor
Vehicle
Parts &
Supplies","..Furniture
& Home
Furnishings","..Lumber &
Other
Construction
Materials","..Professional
& Commercial
Equipment &
Supplies","...Computer
& Computer
Peripheral
Equipment
& Software","..Metals &
Minerals,
Except
Petroleum","..Household
Appliances
& Electrical
& Electronic
Goods","..Hardware,
& Plumbing
& Heating
Equipment
& Supplies","..Machinery,
Equipment,
& Supplies","..Miscellaneous
Durable Goods",".Nondurable
Goods","..Paper &
Paper
Products","..Drugs &
Druggists'
Sundries","..Apparel,
Piece
Goods, &
Notions","..Grocery &
Related
Products","..Farm
Product Raw
Materials","..Chemicals
& Allied
Products","..Petroleum
& Petroleum
Products","..Beer,
Wine, &
Distilled
Alcoholic
Beverages","..Miscellaneous
Nondurable
Goods"
Month,Year,42,423,4231,4232,4233,4234,42343,4235,4236,4237,4238,4239,424,4241,4242,4243,4244,4245,4246,4247,4248,4249
July   p,2025,"711,349","347,311","52,961","8,568","17,901","57,112","29,626","18,497","86,095","22,285","53,757","30,135","364,038","8,002","104,955","13,916","79,398","21,336","13,160","75,938","15,362","31,971"
June   r,2025,"701,297","342,838","53,877","8,523","17,534","55,498","28,616","18,161","83,984","21,708","54,231","29,322","358,459","7,733","102,428","14,103","78,572","21,465","12,998","74,297","15,429","31,434"
May,2025,"696,650","340,356","54,372","8,729","17,525","55,161","28,368","17,958","83,406","21,151","53,935","28,119","356,294","7,882","101,126","13,999","78,898","21,917","13,265","72,320","15,323","31,564"
April,2025,"699,402","339,529","52,555","8,930","18,110","55,354","28,566","17,746","82,479","21,377","54,435","28,543","359,873","7,965","101,432","13,738","78,325","21,957","12,928","74,573","15,318","33,637"
March,2025,"699,137","339,082","52,603","8,729","18,282","54,816","28,115","18,077","82,844","21,029","54,007","28,695","360,055","7,893","101,246","13,477","77,268","21,611","12,901","77,082","15,440","33,137"
February,2025,"693,771","335,174","52,890","8,770","18,064","54,241","27,553","17,742","80,475","21,220","53,452","28,320","358,597","8,013","97,954","13,589","77,115","20,575","12,862","81,389","15,214","31,886"
January,2025,"680,213","324,662","51,688","8,864","17,332","51,551","26,040","17,203","78,675","21,045","50,574","27,730","355,551","7,803","96,321","13,777","76,565","20,788","12,581","81,556","15,277","30,883"
December,2024,"686,602","332,511","51,653","8,917","17,886","52,306","26,037","16,973","82,765","21,424","52,757","27,830","354,091","7,749","96,503","13,983","78,265","21,405","13,078","77,843","15,069","30,196"
November,2024,"677,175","331,374","54,437","9,044","18,019","52,439","25,909","17,302","77,669","21,043","53,645","27,776","345,801","7,867","94,198","13,369","77,135","21,154","12,220","74,574","15,128","30,156"
October,2024,"671,425","324,184","53,320","8,753","17,544","51,442","24,373","16,849","76,196","20,324","52,134","27,622","347,241","7,778","93,833","13,425","76,142","21,144","12,431","76,712","15,175","30,601"
September,2024,"674,075","325,664","53,214","8,665","17,674","53,155","26,009","17,295","75,476","20,609","52,234","27,342","348,411","7,818","94,614","13,762","75,619","21,102","12,664","77,436","15,272","30,124"
August,2024,"670,160","323,400","52,948","8,856","17,695","52,361","26,192","16,808","75,359","20,462","52,033","26,878","346,760","7,808","93,009","13,330","74,952","20,058","12,513","79,176","15,467","30,447"
July   r,2024,"669,676","319,853","52,482","8,968","17,633","51,682","25,610","17,242","72,944","20,396","51,680","26,826","349,823","7,741","93,234","13,414","74,782","20,025","12,747","81,220","15,477","31,183"
June,2024,"662,292","317,740","51,789","8,798","17,685","51,410","25,245","17,322","72,451","20,534","51,045","26,706","344,552","7,743","91,596","12,920","74,586","19,884","12,814","78,834","15,693","30,482"
May,2024,"665,250","316,317","51,721","8,480","17,325","51,070","24,764","17,801","72,133","20,132","51,264","26,391","348,933","7,851","91,098","12,954","74,131","20,260","12,862","83,574","15,535","30,668"
April,2024,"660,771","313,408","52,453","8,656","17,501","50,571","24,360","18,129","68,939","19,828","51,031","26,300","347,363","7,863","89,876","13,136","73,414","20,901","13,046","83,479","15,413","30,235"
March,2024,"657,848","311,851","52,346","8,586","17,749","49,024","23,374","17,627","68,221","19,710","51,683","26,905","345,997","7,842","88,747","13,025","73,788","20,975","13,214","81,397","15,779","31,230"
February,2024,"667,678","314,897","53,225","8,729","17,835","49,384","23,642","18,650","68,485","19,566","51,550","27,473","352,781","7,868","88,765","12,961","73,354","24,110","12,969","85,662","15,663","31,429"
January,2024,"656,420","313,042","52,616","8,977","16,775","49,313","23,220","18,860","68,636","19,239","51,499","27,127","343,378","7,759","88,148","12,757","72,904","21,530","13,153","82,292","15,201","29,634"
December,2023,"665,640","312,285","51,237","9,143","18,041","48,559","22,615","19,483","66,148","19,232","51,848","28,594","353,355","7,964","89,665","12,330","73,610","22,025","13,261","86,723","15,734","32,043"
November,2023,"664,409","310,074","52,144","8,747","17,944","49,206","23,814","18,851","65,478","19,176","51,295","27,233","354,335","7,923","88,956","12,537","72,072","22,324","13,358","89,910","16,256","30,999"
October,2023,"667,288","311,893","50,667","8,750","18,143","48,395","23,257","19,042","68,654","19,664","51,362","27,216","355,395","7,888","89,109","12,969","72,496","22,939","12,775","89,964","15,746","31,509"
September,2023,"674,641","311,774","52,033","9,049","18,267","47,530","22,862","19,088","67,653","19,618","51,814","26,722","362,867","7,920","87,053","13,090","73,110","24,011","13,145","96,476","15,941","32,121"
August,2023,"661,071","309,496","50,315","9,138","18,045","49,833","24,316","19,396","64,955","19,236","51,799","26,779","351,575","7,793","87,872","12,783","73,205","22,515","13,328","86,922","15,474","31,683"
July,2023,"649,457","309,168","49,421","8,999","18,139","48,728","23,264","19,258","66,323","19,129","52,190","26,981","340,289","7,950","85,417","12,753","72,464","22,358","13,082","79,777","15,267","31,221"
June,2023,"645,131","308,203","50,072","9,044","17,920","49,260","24,310","19,731","65,813","18,698","51,863","25,802","336,928","8,095","85,331","12,451","72,109","23,709","13,096","74,674","15,373","32,090"
May,2023,"652,453","310,233","50,127","9,205","18,436","49,177","24,504","19,875","65,568","19,070","51,559","27,216","342,220","7,972","85,338","12,385","71,450","26,042","13,015","77,599","15,310","33,109"
April,2023,"651,926","307,588","48,631","8,802","17,937","48,154","23,613","20,110","65,952","19,082","51,327","27,593","344,338","8,023","84,117","12,695","71,295","25,731","13,454","81,336","15,624","32,063"
March,2023,"651,637","309,152","49,194","9,031","18,194","48,738","23,924","20,440","65,609","19,121","52,162","26,663","342,485","8,184","82,961","13,367","72,771","24,219","13,145","80,719","15,726","31,393"
February,2023,"664,709","314,780","49,513","9,016","18,643","48,816","23,908","20,684","67,328","19,295","53,649","27,836","349,929","8,421","82,304","13,638","73,523","26,862","13,289","83,279","16,439","32,174"
January,2023,"666,730","312,441","49,475","8,746","18,822","48,701","23,560","20,781","66,556","19,455","52,517","27,388","354,289","8,313","80,545","13,273","73,407","27,223","13,140","89,519","16,016","32,853"
December,2022,"658,999","308,962","48,957","8,734","19,072","49,497","24,891","20,213","64,951","19,602","51,571","26,365","350,037","8,434","78,102","13,435","73,491","27,096","13,587","88,275","15,506","32,111"
November,2022,"664,216","308,914","48,498","9,111","19,609","48,346","23,759","20,446","64,962","19,361","51,787","26,794","355,302","8,505","78,983","14,077","73,569","26,581","13,919","90,303","15,860","33,505"
October,2022,"670,317","317,034","49,855","9,361","20,224","50,323","25,043","21,480","67,023","19,365","51,635","27,768","353,283","8,712","77,897","13,866","73,078","24,821","14,073","91,522","15,871","33,443"
September,2022,"671,531","315,098","49,020","9,167","20,418","50,095","25,762","21,120","67,139","18,872","50,719","28,548","356,433","8,605","77,928","13,877","73,042","26,873","14,266","91,849","16,026","33,967"
August,2022,"674,919","315,602","46,749","9,301","21,204","49,224","24,869","22,110","67,597","19,565","50,595","29,257","359,317","8,770","76,874","14,526","72,680","29,244","14,181","93,098","15,893","34,051"
July,2022,"679,462","315,720","46,364","9,109","21,344","49,982","25,388","22,648","67,294","19,335","50,121","29,523","363,742","8,635","76,246","13,845","72,169","29,222","14,529","98,983","16,060","34,053"
June,2022,"695,010","316,333","45,904","9,403","21,469","49,614","25,365","23,031","66,871","19,457","49,952","30,632","378,677","8,855","76,890","14,555","72,064","29,869","14,456","111,458","15,673","34,857"
May,2022,"679,873","314,879","43,471","9,843","21,387","50,254","25,503","22,656","67,594","19,241","48,759","31,674","364,994","8,824","74,934","14,758","71,683","28,083","14,594","100,951","16,196","34,971"
April,2022,"679,109","320,037","44,636","10,214","21,888","51,204","26,311","23,056","68,268","19,214","47,927","33,630","359,072","8,889","74,033","14,548","71,298","27,486","14,028","98,970","16,193","33,627"
March,2022,"678,342","319,615","45,083","9,933","22,961","52,679","27,754","23,665","67,022","19,230","46,795","32,247","358,727","8,608","72,659","14,680","70,407","27,222","14,225","100,584","16,020","34,322"
February,2022,"659,182","309,595","42,312","9,739","21,536","52,484","27,666","22,975","64,905","18,818","46,235","30,591","349,587","8,399","75,437","13,909","70,549","24,801","13,899","93,173","16,245","33,175"
January,2022,"652,422","315,151","44,729","9,452","21,501","53,546","27,644","22,405","68,425","19,183","45,330","30,580","337,271","8,412","73,150","14,292","68,546","24,377","13,816","85,753","16,034","32,891"
December,2021,"626,837","298,567","41,785","8,816","20,031","50,728","26,980","21,867","63,807","18,018","43,333","30,182","328,270","8,143","70,906","14,293","67,697","23,292","13,271","82,569","14,943","33,156"
November,2021,"625,349","296,476","39,706","9,259","19,425","50,027","26,321","22,343","63,201","17,922","44,644","29,949","328,873","7,958","70,447","14,073","68,041","24,274","13,154","82,231","16,065","32,630"
October,2021,"610,136","289,657","39,049","9,391","18,917","49,282","25,521","21,697","59,547","17,668","43,620","30,486","320,479","8,125","69,752","13,790","67,304","23,339","12,830","78,377","15,816","31,146"
September,2021,"596,228","285,828","39,549","9,572","18,244","48,551","24,703","20,923","59,892","17,002","43,240","28,855","310,400","7,792","70,479","12,893","65,902","21,719","12,637","73,623","15,555","29,800"
August,2021,"588,645","285,590","41,272","9,134","18,230","48,039","23,903","19,823","59,698","17,147","42,383","29,864","303,055","7,760","67,052","12,633","64,797","22,080","12,655","70,918","15,765","29,395"
July,2021,"596,248","286,869","42,642","9,464","18,398","46,985","23,299","19,510","59,258","16,977","43,787","29,848","309,379","7,691","71,961","13,483","64,107","22,203","12,154","72,669","15,968","29,143"
June,2021,"581,922","284,145","41,850","9,174","19,562","47,775","24,303","18,200","59,286","17,313","41,801","29,184","297,777","7,474","67,618","13,942","63,637","21,623","12,032","67,114","15,571","28,766"
May,2021,"570,524","280,126","41,259","8,969","19,363","47,488","24,262","18,056","58,468","17,100","41,374","28,049","290,398","7,520","67,130","13,714","62,143","21,849","11,829","62,227","15,616","28,370"
April,2021,"567,535","276,978","41,033","9,110","18,584","47,536","24,353","17,075","58,302","17,112","40,883","27,343","290,557","7,407","67,990","14,346","61,184","20,971","11,808","61,236","15,615","30,000"
March,2021,"557,352","269,761","40,833","9,112","18,061","46,024","23,453","16,250","55,590","16,650","40,104","27,137","287,591","7,322","68,628","12,892","59,722","21,243","11,613","61,768","15,191","29,212"
February,2021,"532,794","258,069","38,221","8,759","16,274","45,320","23,115","14,789","55,045","15,620","37,547","26,494","274,725","7,117","65,971","11,406","56,885","21,015","10,749","60,082","15,024","26,476"
January,2021,"542,513","269,191","41,840","9,211","16,731","47,343","23,908","14,613","56,492","15,793","40,034","27,134","273,322","7,438","66,918","12,136","58,065","21,855","10,611","53,699","15,339","27,261"
December,2020,"520,227","255,799","41,796","8,488","16,549","45,081","23,170","14,310","49,915","15,695","38,493","25,472","264,428","7,160","67,042","12,355","56,341","21,378","10,514","49,400","13,328","26,910"
November,2020,"510,374","257,129","40,626","8,537","15,768","45,823","23,077","13,017","55,005","15,181","38,181","24,991","253,245","7,086","66,246","11,940","56,760","19,936","9,724","40,039","14,757","26,757"
October,2020,"508,140","255,033","42,025","8,566","15,516","44,977","22,733","12,444","53,582","15,023","38,635","24,265","253,107","7,032","65,420","11,259","57,113","18,437","9,633","42,000","15,437","26,776"
September,2020,"495,882","246,553","39,878","8,501","15,534","43,946","22,312","11,886","49,647","15,129","38,258","23,774","249,329","7,066","63,812","11,037","56,823","18,387","9,496","41,159","15,143","26,406"
August,2020,"495,111","245,491","37,991","8,216","14,671","44,646","23,482","11,781","52,573","14,846","38,065","22,702","249,620","6,965","64,642","10,788","56,629","17,360","9,071","42,492","15,473","26,200"
July,2020,"488,373","241,693","37,394","7,980","14,087","43,962","22,469","11,669","52,860","14,949","37,161","21,631","246,680","6,886","63,739","11,010","56,950","15,997","9,600","41,161","15,212","26,125"
June,2020,"462,140","228,169","34,761","7,328","13,179","40,980","21,214","10,881","48,623","14,539","37,680","20,198","233,971","6,605","61,386","9,931","55,237","15,618","9,178","36,673","14,080","25,263"
May,2020,"422,261","208,856","28,123","6,938","12,883","37,466","20,205","9,958","46,699","13,304","35,071","18,414","213,405","6,443","57,591","7,547","52,672","15,330","8,636","27,655","13,839","23,692"
April,2020,"397,834","191,139","22,802","5,706","11,429","37,118","21,930","10,101","42,205","12,030","33,581","16,167","206,695","6,304","59,974","5,131","49,670","15,251","8,416","26,554","12,140","23,255"
March,2020,"478,634","230,134","34,753","7,624","13,993","43,291","23,290","12,571","47,390","13,397","36,054","21,061","248,500","7,409","68,146","9,603","56,567","15,196","10,302","42,183","13,806","25,288"
February,2020,"506,362","242,918","40,744","8,450","14,042","43,536","21,656","13,780","48,391","13,999","38,720","21,256","263,444","7,377","62,182","13,350","57,783","15,750","10,212","58,554","13,495","24,741"
January,2020,"511,303","240,848","39,277","8,351","13,795","43,681","22,051","14,142","47,750","13,907","38,401","21,544","270,455","7,371","61,202","13,051","58,379","15,700","10,299","66,729","13,267","24,457"
December,2019,"507,244","239,464","39,618","8,432","13,733","43,255","21,441","14,126","47,388","13,999","37,440","21,473","267,780","7,407","61,163","13,110","57,687","16,288","10,614","63,709","13,734","24,068"
November,2019,"509,455","244,945","41,902","7,832","13,910","43,191","21,722","14,519","50,270","14,028","38,115","21,178","264,510","7,522","60,714","13,072","57,258","16,213","10,047","62,995","13,338","23,351"
October,2019,"501,658","240,181","39,134","8,018","14,007","43,528","21,976","14,347","48,958","14,009","38,271","19,909","261,477","7,281","61,192","12,965","56,759","14,947","10,514","59,851","13,395","24,573"
September,2019,"507,115","242,317","39,921","8,055","13,983","44,144","22,450","14,787","47,969","14,327","38,443","20,688","264,798","7,329","60,535","13,533","56,803","16,967","10,252","60,268","13,398","25,713"
August,2019,"508,160","242,736","40,869","8,011","13,943","43,033","22,207","14,714","49,227","14,140","38,509","20,290","265,424","7,314","59,752","13,143","57,197","18,312","10,465","60,385","13,252","25,604"
July,2019,"510,875","243,002","40,886","8,089","13,906","44,497","22,521","14,716","49,095","14,198","38,610","19,005","267,873","7,370","60,400","13,753","57,295","18,664","10,209","60,135","13,183","26,864"
June,2019,"508,172","243,732","40,772","8,246","13,525","43,953","22,634","15,114","49,002","14,103","38,941","20,076","264,440","7,475","59,983","13,470","56,678","16,366","10,592","61,163","13,127","25,586"
May,2019,"512,071","244,795","41,251","7,878","13,157","43,514","22,561","15,403","50,301","14,221","39,293","19,777","267,276","7,564","60,376","14,156","56,586","16,433","10,786","62,836","13,078","25,461"
April,2019,"507,196","241,083","39,628","7,790","13,208","42,596","21,731","15,738","48,738","13,831","39,565","19,989","266,113","7,580","59,490","14,463","57,037","16,605","10,649","62,270","12,974","25,045"
March,2019,"508,969","244,102","39,081","7,961","13,239","43,982","22,715","15,734","50,811","13,874","38,867","20,553","264,867","7,674","59,697","14,294","56,766","17,091","10,445","61,479","13,064","24,357"
February,2019,"502,984","243,885","40,405","8,095","12,928","43,407","22,473","16,188","50,340","13,728","38,692","20,102","259,099","7,792","59,158","14,483","55,886","16,667","10,807","56,905","13,079","24,322"
January,2019,"500,392","243,373","40,010","8,095","13,322","42,746","22,021","16,312","49,815","13,570","39,184","20,319","257,019","7,813","58,953","13,885","56,714","15,924","10,579","55,404","13,172","24,575"
December,2018,"505,870","248,330","39,144","7,982","13,075","42,727","22,159","15,992","53,873","13,261","40,080","22,196","257,540","7,775","58,822","13,686","56,867","15,237","10,774","56,281","13,347","24,751"
November,2018,"511,955","248,060","40,512","7,932","13,397","42,759","22,558","16,221","52,474","13,971","39,036","21,758","263,895","7,891","58,990","13,952","56,725","15,482","11,202","62,256","12,919","24,478"
October,2018,"515,864","246,614","39,631","7,873","13,509","42,644","22,008","16,593","51,560","13,623","39,650","21,531","269,250","7,686","58,322","13,494","56,397","15,853","11,290","67,977","12,679","25,552"
September,2018,"515,401","246,770","39,431","7,890","13,416","42,267","21,652","16,526","52,313","13,682","39,535","21,710","268,631","7,692","58,468","13,621","56,426","17,330","11,086","66,597","12,809","24,602"
August,2018,"516,054","247,288","39,218","8,149","14,072","42,787","23,004","16,519","52,198","13,426","39,546","21,373","268,766","7,660","57,931","14,010","56,710","18,343","10,851","66,334","12,587","24,340"
July,2018,"513,949","245,102","38,969","7,818","13,841","41,576","21,607","16,196","51,419","13,576","39,512","22,195","268,847","7,685","57,681","13,606","56,319","19,229","11,129","66,453","12,591","24,154"
June,2018,"512,545","243,355","38,868","8,033","13,659","42,237","22,275","16,001","50,361","13,296","39,164","21,736","269,190","7,665","58,124","14,194","55,962","19,879","10,918","66,115","12,537","23,796"
May,2018,"516,576","245,430","39,244","7,868","13,899","43,324","23,326","16,504","50,562","13,289","38,425","22,315","271,146","7,705","58,035","14,060","56,307","19,890","10,674","65,895","12,457","26,123"
April,2018,"503,801","241,430","38,646","8,074","13,699","41,614","21,883","16,274","49,830","12,876","38,023","22,394","262,371","7,736","57,154","13,643","55,778","19,255","10,850","61,941","12,249","23,765"
March,2018,"498,504","238,456","38,395","7,683","13,147","40,602","21,177","15,800","51,269","13,159","37,250","21,151","260,048","7,686","56,506","14,169","56,281","17,839","10,874","59,894","12,279","24,520"
February,2018,"499,103","239,171","38,836","7,870","13,394","41,316","21,641","15,717","49,824","13,209","37,244","21,761","259,932","7,644","55,690","14,019","56,798","17,358","10,829","61,012","12,170","24,412"
January,2018,"493,565","234,933","38,416","7,434","12,853","41,819","21,391","15,025","49,362","13,149","35,942","20,933","258,632","7,441","56,713","13,286","55,108","17,149","10,852","62,137","11,901","24,045"
December,2017,"504,945","241,114","38,764","7,908","13,261","40,895","20,882","15,234","52,252","13,521","37,976","21,303","263,831","7,562","56,475","14,486","56,076","18,028","10,850","63,616","12,106","24,632"
November,2017,"495,780","237,928","38,981","8,135","13,274","41,024","21,071","14,587","50,137","13,259","37,378","21,153","257,852","7,644","56,238","14,734","55,892","17,947","10,492","58,543","12,167","24,195"
October,2017,"488,448","235,068","39,055","7,983","13,018","39,779","19,698","14,581","50,152","12,964","36,169","21,367","253,380","7,892","55,707","14,817","56,161","18,190","10,305","54,075","12,127","24,106"
September,2017,"482,216","231,523","37,870","7,711","12,608","39,870","21,080","14,603","50,473","12,531","35,640","20,217","250,693","7,470","54,840","14,244","55,181","17,691","10,230","55,667","11,914","23,456"
August,2017,"475,468","229,299","37,470","7,700","12,237","40,581","21,682","13,971","49,309","12,486","35,196","20,349","246,169","7,751","55,881","14,160","55,274","16,877","9,978","50,484","12,106","23,658"
July,2017,"467,671","224,414","35,881","7,652","12,245","39,731","20,728","14,061","48,007","12,201","34,840","19,796","243,257","7,814","55,809","14,136","55,547","16,772","10,064","47,544","12,058","23,513"
June,2017,"467,334","224,519","36,454","7,385","12,130","38,505","20,201","13,992","48,854","12,355","34,808","20,036","242,815","7,870","56,469","13,454","55,738","17,150","9,645","46,997","12,377","23,115"
May,2017,"462,654","224,223","36,564","7,627","11,926","38,916","20,275","13,905","48,389","12,315","35,234","19,347","238,431","7,749","54,613","13,415","55,598","17,376","9,900","44,489","12,216","23,075"
April,2017,"467,585","225,533","37,193","7,419","11,884","39,099","20,325","13,920","49,619","12,279","34,911","19,209","242,052","7,684","54,485","12,864","55,117","17,284","9,747","50,042","12,144","22,685"
March,2017,"466,018","220,580","36,972","7,437","12,047","38,431","19,792","13,849","44,551","12,370","35,092","19,831","245,438","7,490","54,420","13,160","54,284","18,561","9,894","52,266","12,076","23,287"
February,2017,"468,756","221,802","36,492","7,409","12,372","38,785","19,684","13,499","46,832","11,992","34,674","19,747","246,954","7,640","54,606","13,553","53,511","18,638","10,011","53,208","12,370","23,417"
January,2017,"467,006","221,760","38,883","7,593","11,611","38,573","19,415","13,148","46,916","12,009","33,812","19,215","245,246","7,578","54,323","13,906","53,375","18,410","9,934","53,227","11,893","22,600"
December,2016,"463,916","220,635","37,733","7,834","11,681","39,121","20,070","12,979","46,634","12,360","33,394","18,899","243,281","7,659","54,456","14,049","52,912","18,268","9,631","51,891","11,862","22,553"
November,2016,"453,790","214,872","35,921","7,669","11,588","38,009","19,079","12,735","45,222","11,885","33,085","18,758","238,918","7,628","55,399","13,603","53,187","19,078","9,630","45,537","12,097","22,759"
October,2016,"452,825","213,894","35,660","7,314","11,364","38,284","19,543","12,438","45,689","11,930","32,521","18,694","238,931","7,553","54,215","14,200","52,821","19,213","9,455","47,568","11,876","22,030"
September,2016,"447,522","211,977","35,827","7,309","11,413","38,476","19,679","12,030","44,842","11,790","32,491","17,799","235,545","7,649","54,174","14,168","53,670","18,003","9,354","44,235","11,779","22,513"
August,2016,"447,396","212,001","34,969","7,191","11,412","37,709","19,345","12,153","44,824","12,123","32,641","18,979","235,395","7,709","54,014","14,162","52,844","19,576","9,307","43,449","11,715","22,619"
July,2016,"444,638","213,204","34,831","7,139","11,267","38,404","20,048","12,121","45,472","11,972","33,215","18,783","231,434","7,640","53,622","13,849","52,153","18,857","9,083","42,420","11,490","22,320"
June,2016,"446,626","213,581","34,782","6,891","11,163","38,226","19,713","11,983","45,307","12,098","34,241","18,890","233,045","7,558","53,766","13,881","52,963","17,765","9,267","43,252","11,608","22,985"
May,2016,"437,704","209,826","35,370","7,025","11,160","37,971","19,547","11,760","44,098","11,101","32,935","18,406","227,878","7,649","52,980","13,748","52,292","16,889","9,064","41,324","11,483","22,449"
April,2016,"436,930","209,103","36,314","6,887","11,178","37,482","19,112","11,660","43,498","11,273","32,674","18,137","227,827","7,693","53,207","13,505","52,265","17,208","9,111","39,910","11,783","23,145"
March,2016,"433,017","209,146","35,794","6,904","11,274","37,598","19,432","11,674","44,007","11,202","33,243","17,450","223,871","7,799","52,926","13,276","52,603","17,026","9,233","36,875","11,645","22,488"
February,2016,"429,044","208,907","35,422","6,766","11,208","37,039","18,946","11,723","44,654","11,541","32,769","17,785","220,137","7,729","52,301","13,948","53,377","17,225","8,985","32,375","11,802","22,395"
January,2016,"432,601","207,196","35,545","6,673","10,901","36,614","19,070","12,152","43,649","11,651","33,474","16,537","225,405","7,849","52,297","13,805","53,206","17,630","9,031","37,137","11,768","22,682"
December,2015,"437,704","210,655","36,087","6,912","10,931","38,095","19,736","12,196","44,054","11,361","33,384","17,635","227,049","7,701","51,969","13,651","52,756","17,641","9,202","40,620","11,463","22,046"
November,2015,"442,336","211,157","35,545","6,976","10,704","37,175","19,525","12,649","45,804","11,258","33,477","17,569","231,179","7,727","51,560","14,347","53,297","17,489","9,392","43,932","11,375","22,060"
October,2015,"448,567","211,697","35,403","6,916","10,541","37,546","19,714","12,512","46,258","11,199","33,724","17,598","236,870","7,852","51,825","14,523","53,123","20,022","9,289","46,562","11,453","22,221"
September,2015,"448,922","213,688","36,581","6,677","10,501","37,410","19,789","12,895","46,284","11,365","33,984","17,991","235,234","7,714","51,277","14,371","53,873","19,951","9,599","45,041","11,581","21,827"
August,2015,"446,940","211,224","35,649","6,787","10,347","36,693","18,885","13,193","44,987","11,362","33,980","18,226","235,716","7,660","51,453","14,143","53,569","17,890","9,749","48,082","11,350","21,820"
July,2015,"452,773","213,801","37,023","6,738","10,248","37,345","19,334","13,193","44,648","11,322","34,651","18,633","238,972","7,703","50,734","14,196","53,121","18,561","9,985","50,996","11,516","22,160"
June,2015,"453,170","212,326","36,186","6,820","10,285","36,994","19,026","13,697","45,148","11,199","33,872","18,125","240,844","7,869","50,079","13,836","52,084","19,340","9,965","54,135","11,109","22,427"
May,2015,"452,047","213,452","37,118","6,550","9,969","36,561","18,823","13,857","45,699","11,083","34,191","18,424","238,595","7,736","49,869","13,697","52,802","19,335","9,926","50,954","11,043","23,233"
April,2015,"450,759","213,984","36,700","6,781","9,878","36,746","19,234","13,662","46,438","11,181","34,342","18,256","236,775","7,737","49,697","14,139","52,650","20,033","10,006","49,101","10,945","22,467"
March,2015,"444,087","211,898","35,805","6,643","9,752","37,105","19,311","14,386","44,393","11,061","34,337","18,416","232,189","7,716","49,225","14,114","51,968","18,161","10,017","48,296","10,917","21,775"
February,2015,"445,292","210,180","35,111","6,613","9,553","36,479","19,279","14,764","44,378","10,828","33,838","18,616","235,112","7,676","49,146","13,534","52,087","20,823","10,050","49,317","10,728","21,751"
January,2015,"450,488","217,295","35,823","6,616","10,018","37,130","19,397","15,261","47,158","10,712","35,370","19,207","233,193","7,777","47,609","13,526","51,845","20,779","10,043","48,678","10,865","22,071"
December,2014,"463,264","219,535","35,214","6,653","10,059","36,572","18,940","16,017","48,166","10,817","36,180","19,857","243,729","7,784","47,840","13,707","52,912","21,085","10,361","56,465","10,834","22,741"
November,2014,"468,813","218,284","35,407","6,637","9,747","37,153","19,612","16,280","46,342","11,136","35,828","19,754","250,529","7,696","46,331","14,054","52,216","20,285","10,211","67,225","10,651","21,860"
October,2014,"470,303","218,888","35,314","6,668","9,894","37,061","19,270","16,687","45,143","11,312","36,303","20,506","251,415","7,764","46,285","13,652","52,729","20,476","10,643","66,940","10,923","22,003"
September,2014,"472,578","218,361","35,402","6,607","9,900","36,517","18,875","16,510","44,469","11,066","36,272","21,618","254,217","7,801","46,409","13,953","52,064","19,730","10,522","71,004","10,768","21,966"
August,2014,"472,959","218,514","35,153","6,572","9,769","36,689","19,364","16,392","45,045","10,674","36,544","21,676","254,445","7,916","45,314","13,846","51,414","20,244","10,977","73,152","10,756","20,826"
July,2014,"474,533","217,228","35,507","6,420","9,749","36,275","19,080","16,261","44,710","10,514","35,712","22,080","257,305","8,186","45,126","13,484","52,088","21,519","10,578","74,158","10,693","21,473"
June,2014,"471,316","216,458","35,915","6,414","9,638","36,491","18,983","15,481","44,113","10,478","36,198","21,730","254,858","7,908","44,900","13,689","50,824","22,040","10,598","72,500","10,789","21,610"
May,2014,"472,128","213,543","34,663","6,376","9,531","36,069","19,063","15,407","43,968","10,585","35,496","21,448","258,585","7,722","44,896","13,756","51,103","25,239","11,249","71,138","10,882","22,600"
April,2014,"470,535","213,455","34,513","6,377","9,257","36,834","19,888","14,835","43,869","10,372","35,681","21,717","257,080","7,907","44,474","13,587","51,003","22,994","10,988","74,278","10,881","20,968"
March,2014,"466,466","209,841","33,978","6,239","9,084","35,465","18,801","15,160","42,511","10,359","34,986","22,059","256,625","7,843","43,441","13,709","50,939","23,259","10,700","75,269","10,813","20,652"
February,2014,"458,402","207,278","33,684","6,274","8,761","35,330","18,386","14,806","41,893","10,103","34,946","21,481","251,124","7,750","42,641","13,516","48,386","21,854","10,735","74,421","10,821","21,000"
January,2014,"455,965","206,187","33,254","6,217","9,087","34,998","18,828","14,562","42,375","10,092","34,090","21,512","249,778","7,666","41,822","13,125","47,915","23,153","10,766","73,664","10,725","20,942"
December,2013,"461,346","207,723","34,175","6,038","9,039","35,514","18,722","14,459","43,300","10,040","34,210","20,948","253,623","7,795","41,663","13,580","48,175","23,703","10,503","76,268","10,855","21,081"
November,2013,"459,236","208,346","34,731","6,083","9,089","34,860","18,248","14,642","42,858","10,014","34,370","21,699","250,890","7,580","41,016","13,361","48,453","23,554","10,564","73,909","10,935","21,518"
October,2013,"455,335","209,222","33,982","6,071","9,149","35,404","19,019","15,141","42,896","10,052","35,125","21,402","246,113","7,715","40,910","12,839","49,055","21,912","10,351","71,034","10,749","21,548"
September,2013,"451,599","208,434","35,342","6,200","9,007","35,560","18,611","14,604","42,915","9,905","34,131","20,770","243,165","7,588","40,529","13,020","48,563","22,884","10,443","68,138","10,887","21,113"
August,2013,"449,584","205,624","32,534","6,137","9,070","36,427","19,685","14,290","42,424","9,990","33,878","20,874","243,960","7,542","40,951","12,799","48,257","22,921","10,530","69,504","10,834","20,622"
July,2013,"445,508","203,371","32,908","6,165","8,940","35,313","18,813","14,291","42,325","9,953","33,189","20,287","242,137","7,514","40,457","13,277","47,971","22,898","10,267","67,606","11,051","21,096"
June,2013,"446,875","205,930","33,998","6,101","8,582","35,349","19,046","14,413","42,994","10,052","33,725","20,716","240,945","7,453","40,831","13,215","48,514","22,536","10,190","66,936","10,670","20,600"
May,2013,"448,607","205,107","33,890","6,041","8,801","35,138","18,542","14,395","42,268","9,936","33,820","20,818","243,500","7,581","40,560","12,933","49,162","23,282","10,323","65,268","10,882","23,509"
April,2013,"441,081","204,831","33,393","5,868","8,792","35,375","18,689","14,884","41,472","9,702","34,075","21,270","236,250","7,538","39,662","12,439","46,843","22,359","10,060","65,089","10,686","21,574"
March,2013,"443,673","204,593","33,597","5,827","8,766","35,279","18,552","14,664","42,043","9,529","33,487","21,401","239,080","7,466","39,931","12,750","47,504","22,138","10,208","66,672","10,605","21,806"
February,2013,"449,753","205,065","33,151","5,725","8,669","35,568","18,725","14,992","41,762","9,707","33,681","21,810","244,688","7,705","39,198","13,541","47,098","23,057","10,381","70,956","10,662","22,090"
January,2013,"444,493","204,431","33,131","5,548","8,456","35,016","18,175","14,605","41,977","9,787","33,957","21,954","240,062","7,556","40,810","13,099","47,903","22,427","10,361","65,523","10,599","21,784"
December,2012,"440,716","200,919","32,687","5,412","8,302","34,625","18,373","14,867","41,216","9,394","32,462","21,954","239,797","7,608","40,184","12,707","47,131","22,828","10,265","67,021","10,664","21,389"
November,2012,"442,297","202,940","33,245","5,616","8,154","35,192","18,516","14,736","41,084","9,353","32,564","22,996","239,357","7,619","39,292","12,388","47,116","23,854","10,191","67,101","10,392","21,404"
October,2012,"434,189","198,463","32,975","5,585","7,900","34,091","17,706","14,579","40,834","9,288","32,136","21,075","235,726","7,474","38,025","11,973","45,854","22,874","10,227","68,151","10,184","20,964"
September,2012,"437,986","199,347","33,549","5,667","7,907","34,043","17,967","14,514","40,632","9,257","32,501","21,277","238,639","7,760","37,865","12,469","45,789","23,210","10,129","70,213","10,206","20,998"
August,2012,"430,877","198,053","34,115","5,606","7,726","33,927","17,744","14,439","39,753","9,369","32,381","20,737","232,824","7,488","37,521","12,453","46,460","21,943","9,933","66,262","10,260","20,504"
July,2012,"426,540","197,649","33,318","5,650","7,676","34,131","17,955","14,612","39,925","9,475","32,713","20,149","228,891","7,536","38,626","12,734","46,671","21,172","10,349","61,297","10,149","20,357"
June,2012,"426,481","197,862","32,892","5,613","7,649","34,423","17,997","15,114","38,976","9,293","32,832","21,070","228,619","7,497","37,813","12,867","46,522","19,860","10,460","64,157","10,157","19,286"
May,2012,"431,790","199,225","32,603","5,700","7,662","34,584","18,435","15,188","38,916","9,384","33,772","21,416","232,565","7,517","37,940","12,390","45,697","19,700","10,226","68,166","10,154","20,775"
April,2012,"439,823","197,856","32,634","5,599","7,837","34,541","18,491","15,371","38,395","9,365","32,995","21,119","241,967","7,283","38,712","12,582","45,895","20,485","10,366","75,077","9,898","21,669"
March,2012,"432,984","199,053","32,570","5,651","7,892","34,438","18,262","15,545","38,121","9,389","33,675","21,772","233,931","7,535","38,648","11,915","46,035","19,264","10,203","68,822","9,887","21,622"
February,2012,"431,655","200,203","33,108","5,608","7,722","34,400","18,511","15,645","38,682","9,450","33,036","22,552","231,452","7,445","38,771","12,019","46,478","19,153","9,993","67,443","9,932","20,218"
January,2012,"427,280","197,837","32,872","5,635","7,656","34,102","18,052","15,638","37,812","9,157","32,981","21,984","229,443","7,374","38,572","12,058","45,468","19,299","9,904","66,511","9,955","20,302"
December,2011,"420,542","196,377","31,897","5,369","7,787","33,768","17,607","15,722","37,012","9,207","33,385","22,230","224,165","7,467","37,739","12,120","45,528","18,355","9,982","63,110","9,773","20,091"
November,2011,"414,844","190,919","30,546","5,257","7,422","33,907","18,030","15,040","36,405","8,900","31,526","21,916","223,925","7,454","38,297","11,702","44,478","18,257","10,242","63,288","9,864","20,343"
October,2011,"416,889","191,938","30,963","5,324","7,548","34,260","18,410","14,975","36,418","8,825","31,422","22,203","224,951","7,436","38,622","12,152","44,327","19,026","10,207","63,213","9,828","20,140"
September,2011,"412,324","190,346","29,208","5,161","7,534","34,203","18,113","14,817","36,399","8,859","30,963","23,202","221,978","7,362","37,402","11,746","44,341","17,869","10,236","63,556","9,858","19,608"
August,2011,"414,866","192,963","29,229","5,138","7,606","34,707","18,612","14,945","36,325","8,625","30,926","25,462","221,903","7,415","37,476","12,159","44,033","18,882","9,622","62,430","9,821","20,065"
July,2011,"409,308","189,551","28,232","5,379","7,353","35,565","19,245","14,879","35,565","8,577","30,342","23,659","219,757","7,298","37,077","11,868","43,329","19,579","10,038","61,428","9,616","19,524"
June,2011,"405,473","182,597","26,135","5,025","7,407","33,639","17,768","14,061","35,935","8,644","29,524","22,227","222,876","7,370","36,511","11,877","43,295","20,918","9,921","63,450","9,847","19,687"
May,2011,"403,082","179,515","24,516","4,980","7,373","33,486","18,339","14,078","35,910","8,482","28,371","22,319","223,567","7,336","36,649","12,243","42,533","21,167","9,644","65,855","9,394","18,746"
April,2011,"407,279","182,398","27,580","4,907","7,189","34,985","19,352","13,638","35,411","8,499","28,456","21,733","224,881","7,426","36,228","12,057","42,794","19,913","9,734","68,322","9,588","18,819"
March,2011,"401,930","181,898","27,544","4,929","7,409","34,557","18,793","14,224","35,044","8,661","27,322","22,208","220,032","7,334","35,960","11,963","42,458","20,255","9,908","63,432","9,687","19,035"
February,2011,"391,735","176,980","27,491","4,782","6,834","34,469","19,012","13,124","33,635","8,258","27,255","21,132","214,755","7,230","35,748","11,658","41,596","19,868","9,344","60,826","9,655","18,830"
January,2011,"394,967","178,984","27,511","4,877","6,831","35,208","19,555","13,325","33,873","8,467","27,529","21,363","215,983","7,407","36,607","11,907","40,794","20,353","9,388","61,450","9,519","18,558"
December,2010,"380,171","173,624","25,909","4,957","6,795","34,210","18,688","12,644","32,966","8,390","27,500","20,253","206,547","7,205","35,156","11,402","40,107","19,403","9,046","56,630","9,444","18,154"
November,2010,"377,852","173,335","25,357","4,856","7,218","33,936","18,908","12,442","33,292","8,288","27,819","20,127","204,517","7,311","35,433","11,943","40,659","18,969","8,900","53,757","9,487","18,058"
October,2010,"373,763","172,238","26,095","4,753","7,169","34,096","19,114","12,277","33,364","7,937","27,064","19,483","201,525","7,269","34,953","11,589","40,939","18,656","8,842","51,295","9,498","18,484"
September,2010,"363,158","169,283","25,735","4,766","6,958","33,685","18,947","12,224","33,129","7,995","26,495","18,296","193,875","7,301","35,723","11,562","41,638","15,564","8,322","46,590","9,190","17,985"
August,2010,"363,804","169,694","25,972","4,839","7,039","33,488","18,596","11,947","33,989","8,184","26,580","17,656","194,110","7,144","35,714","11,560","41,560","14,582","8,745","47,787","9,082","17,936"
July,2010,"360,491","168,757","25,937","4,675","7,224","33,585","18,493","11,717","33,889","8,160","25,988","17,582","191,734","7,196","34,831","11,475","41,571","13,199","8,505","47,863","9,123","17,971"
June,2010,"356,925","166,895","25,471","4,926","7,297","33,040","18,373","11,763","33,266","8,004","25,314","17,814","190,030","7,088","34,748","11,445","41,094","13,226","8,515","47,073","9,200","17,641"
May,2010,"356,404","165,651","24,924","4,837","7,462","33,058","18,713","11,656","32,210","8,035","24,367","19,102","190,753","7,057","33,985","11,414","41,660","12,794","8,675","48,435","9,159","17,574"
April,2010,"358,779","164,864","25,169","4,725","8,101","32,664","17,959","10,969","32,071","8,038","23,664","19,463","193,915","7,009","33,845","11,407","40,998","14,172","8,357","49,883","9,462","18,782"
March,2010,"353,278","160,607","24,774","4,722","7,458","31,933","17,397","10,660","31,226","7,636","23,884","18,314","192,671","7,152","34,254","11,125","40,786","15,169","8,366","48,873","9,353","17,593"
February,2010,"347,728","157,763","25,020","4,713","6,620","31,612","17,081","10,124","31,231","7,672","23,288","17,483","189,965","7,118","33,392","11,098","40,125","15,642","8,343","47,814","9,057","17,376"
January,2010,"342,705","154,982","24,117","4,611","6,764","31,814","17,322","9,976","29,744","7,745","22,462","17,749","187,723","7,086","33,452","10,716","40,041","15,486","8,241","46,441","8,947","17,313"
December,2009,"338,825","153,488","23,950","4,558","6,708","31,477","17,107","9,485","29,644","7,397","22,814","17,455","185,337","6,894","33,303","10,956","39,193","16,067","8,064","44,866","8,969","17,025"
November,2009,"336,201","151,744","23,920","4,420","6,991","30,634","16,468","9,390","30,173","7,392","22,348","16,476","184,457","6,952","33,628","10,373","39,260","16,363","7,689","44,456","8,958","16,778"
October,2009,"327,429","149,102","23,632","4,457","6,852","30,134","15,739","9,258","29,424","7,544","21,629","16,172","178,327","7,014","34,105","10,478","39,270","13,354","7,543","41,354","8,743","16,466"
September,2009,"323,683","147,674","22,628","4,588","7,131","29,508","15,553","9,050","28,162","7,505","23,224","15,878","176,009","6,961","33,533","10,556","38,913","12,758","7,544","40,068","9,011","16,665"
August,2009,"321,673","146,241","22,712","4,505","7,191","29,206","14,944","8,932","28,374","7,357","22,592","15,372","175,432","6,974","32,608","10,483","38,771","13,113","7,459","39,913","9,105","17,006"
July,2009,"318,198","143,991","21,683","4,528","7,201","29,265","14,921","8,726","27,842","7,490","22,512","14,744","174,207","6,811","32,473","10,432","38,973","14,189","7,380","37,385","9,150","17,414"
June,2009,"313,918","141,621","21,462","4,429","7,152","28,868","14,720","8,546","26,780","7,355","22,778","14,251","172,297","6,933","31,366","10,156","39,370","14,336","7,240","36,487","8,926","17,483"
May,2009,"310,088","139,650","19,645","4,461","7,176","28,784","14,371","8,456","27,872","7,415","22,853","12,988","170,438","6,910","32,681","10,304","39,760","14,061","7,274","32,833","9,114","17,501"
April,2009,"306,545","138,882","19,101","4,562","7,218","28,669","14,108","9,282","27,780","7,336","23,487","11,447","167,663","6,892","32,195","10,549","39,683","14,020","7,105","30,743","9,171","17,305"
March,2009,"304,686","141,249","19,892","4,555","7,330","28,964","14,854","9,880","26,151","7,695","24,128","12,654","163,437","6,856","31,784","10,877","40,109","12,713","6,993","27,732","9,059","17,314"
February,2009,"316,272","147,928","19,804","4,742","7,746","28,820","14,407","11,077","28,793","8,116","24,116","14,714","168,344","6,921","32,311","10,830","40,610","13,541","7,457","30,068","9,219","17,387"
January,2009,"312,300","143,919","19,366","4,644","7,585","28,206","13,839","11,293","27,848","7,967","23,900","13,110","168,381","6,883","32,021","10,347","40,902","13,144","7,574","30,541","9,486","17,483"
December,2008,"322,614","153,621","20,399","4,904","7,925","29,864","15,590","13,398","28,822","8,268","26,304","13,737","168,993","7,091","31,185","10,269","40,803","13,218","8,214","31,764","9,025","17,424"
November,2008,"333,694","159,083","22,265","5,093","8,474","29,755","15,247","14,409","27,553","8,299","28,756","14,479","174,611","7,263","30,609","10,562","40,936","13,781","9,182","35,652","9,029","17,597"
October,2008,"365,550","170,049","24,488","5,148","9,255","31,049","16,024","15,857","30,304","8,792","29,695","15,461","195,501","7,581","32,112","10,938","40,523","14,969","9,825","52,203","9,186","18,164"
September,2008,"383,710","178,558","25,735","5,705","9,358","32,540","17,546","15,957","31,374","8,962","29,563","19,364","205,152","7,486","31,791","11,840","40,496","16,243","9,721","59,116","9,337","19,122"
August,2008,"392,813","182,009","24,880","5,608","9,399","32,122","16,715","16,451","31,480","8,873","29,794","23,402","210,804","7,942","31,567","11,875","40,479","17,692","10,475","62,245","9,164","19,365"
July,2008,"399,528","184,843","26,157","5,619","9,879","31,920","16,229","15,923","32,404","9,453","29,490","23,998","214,685","7,838","31,820","12,154","40,240","18,672","10,370","65,115","9,194","19,282"
June,2008,"402,309","186,494","26,276","5,574","9,933","32,704","17,150","15,501","32,016","9,364","31,240","23,886","215,815","7,608","31,402","11,364","40,360","17,441","10,176","69,275","9,170","19,019"
May,2008,"392,439","184,595","28,333","5,530","9,845","31,849","16,524","15,320","31,809","9,283","29,893","22,733","207,844","7,679","30,995","12,107","40,612","17,356","9,809","61,393","9,102","18,791"
April,2008,"385,877","184,017","28,304","5,711","10,019","32,119","16,579","14,696","31,479","9,296","29,280","23,113","201,860","7,769","31,021","11,715","40,285","16,899","9,356","57,790","9,095","17,930"
March,2008,"378,509","180,506","28,520","5,571","9,592","32,331","16,775","14,402","29,962","9,254","29,287","21,587","198,003","7,550","30,662","11,309","40,162","18,054","9,437","54,037","8,956","17,836"
February,2008,"375,184","176,820","27,197","5,595","9,758","32,277","16,740","14,072","29,490","9,098","28,846","20,487","198,364","7,545","30,996","11,272","40,341","16,166","9,437","56,463","8,701","17,443"
January,2008,"375,053","179,018","28,460","5,708","9,846","32,071","16,437","14,135","30,288","9,347","28,764","20,399","196,035","7,570","30,462","11,911","40,910","17,219","9,063","52,468","8,911","17,521"
December,2007,"365,878","174,347","27,477","5,552","10,042","32,160","16,932","13,670","29,338","9,216","28,183","18,709","191,531","7,619","30,374","11,605","41,042","14,219","9,135","50,559","9,059","17,919"
November,2007,"368,444","178,627","28,830","5,682","10,101","32,488","17,515","13,857","30,466","9,364","28,200","19,639","189,817","7,573","30,033","11,920","40,206","13,902","9,138","49,926","8,867","18,252"
October,2007,"361,845","177,383","28,980","5,748","10,043","32,419","17,153","13,767","29,999","9,507","28,191","18,729","184,462","7,574","29,593","11,373","40,245","13,016","9,196","46,693","8,984","17,788"
September,2007,"356,044","176,172","29,162","5,572","10,135","31,977","16,519","13,012","29,687","9,469","28,336","18,822","179,872","7,537","28,634","11,887","39,818","13,651","8,750","43,591","8,791","17,213"
August,2007,"352,921","176,199","28,249","5,553","10,301","32,482","16,861","13,792","28,861","9,478","27,505","19,978","176,722","7,585","29,424","12,037","39,315","13,093","8,312","41,805","8,636","16,515"
July,2007,"349,584","173,504","27,577","5,795","10,341","32,143","16,811","13,673","28,479","9,290","27,575","18,631","176,080","7,582","29,165","11,681","39,385","11,946","8,337","42,718","8,713","16,553"
June,2007,"351,639","175,176","27,618","5,844","10,805","32,394","17,005","13,760","28,991","9,442","27,170","19,152","176,463","7,678","28,969","12,140","39,844","11,798","8,220","42,073","8,645","17,096"
May,2007,"350,481","173,819","27,822","5,955","10,787","31,628","16,320","13,951","27,902","9,157","27,131","19,486","176,662","7,571","29,195","11,484","39,449","11,617","8,284","43,492","8,583","16,987"
April,2007,"348,432","175,318","29,333","5,832","10,763","31,178","15,895","14,199","28,101","9,585","26,912","19,415","173,114","7,588","29,048","11,237","39,913","10,867","8,267","41,289","8,310","16,595"
March,2007,"342,358","174,370","28,916","5,907","11,102","30,916","15,894","14,177","28,816","9,052","26,562","18,922","167,988","7,648","29,059","11,272","39,654","10,755","8,353","36,264","8,475","16,508"
February,2007,"339,166","172,145","28,580","5,828","10,653","30,813","15,624","14,045","28,751","9,380","26,039","18,056","167,021","7,654","28,868","11,650","39,007","10,587","8,145","37,326","8,233","15,551"
January,2007,"334,342","173,197","28,890","5,858","11,205","30,853","15,976","13,910","29,202","9,134","26,870","17,275","161,145","7,578","28,903","11,209","38,227","10,300","8,193","32,767","8,336","15,632"
December,2006,"339,191","174,259","30,553","5,953","11,523","30,761","15,967","13,786","29,058","9,365","26,062","17,198","164,932","7,477","29,235","11,188","37,803","9,770","8,176","36,722","8,515","16,046"
November,2006,"330,669","170,838","29,196","5,934","10,868","30,288","15,805","14,027","28,026","8,989","26,409","17,101","159,831","7,505","28,480","11,239","36,744","9,269","7,936","34,053","8,603","16,002"
October,2006,"329,831","169,987","28,331","5,871","10,928","30,446","15,835","13,794","27,747","9,235","26,150","17,485","159,844","7,498","28,373","11,231","37,120","9,637","8,007","34,032","8,397","15,549"
September,2006,"331,075","169,662","27,453","5,888","11,132","29,960","15,605","13,834","28,270","9,171","26,346","17,608","161,413","7,419","28,371","10,900","37,233","9,427","7,977","35,907","8,320","15,859"
August,2006,"335,442","168,845","27,781","5,766","11,445","29,421","15,215","13,342","27,551","9,263","26,569","17,707","166,597","7,491","28,671","10,781","37,435","9,227","8,061","40,655","8,331","15,945"
July,2006,"332,325","167,448","27,539","5,784","11,540","28,982","15,073","13,512","26,596","9,118","26,233","18,144","164,877","7,567","28,385","10,686","36,448","9,648","8,054","39,857","8,159","16,073"
June,2006,"330,765","166,395","27,854","5,732","11,654","28,722","14,730","13,560","25,997","9,172","26,110","17,594","164,370","7,642","28,936","10,776","36,072","9,357","7,993","39,685","8,218","15,691"
May,2006,"329,012","167,286","28,337","5,661","11,890","29,072","15,044","13,032","26,206","9,407","25,907","17,774","161,726","7,701","28,622","10,228","35,546","9,419","7,853","38,557","7,995","15,805"
April,2006,"324,313","162,752","26,982","5,654","12,139","28,830","15,113","12,532","24,884","9,078","26,034","16,619","161,561","7,545","28,347","10,369","35,885","9,377","7,757","37,783","8,043","16,455"
March,2006,"322,013","163,342","27,015","5,652","12,560","29,529","15,226","12,628","25,329","8,873","25,387","16,369","158,671","7,642","28,423","10,268","35,653","9,316","7,807","36,031","7,884","15,647"
February,2006,"321,646","164,322","27,842","5,694","12,777","28,753","15,114","12,489","25,242","8,880","25,833","16,812","157,324","7,557","28,282","10,176","35,803","8,970","7,797","34,349","8,027","16,363"
January,2006,"319,732","162,464","27,103","5,610","13,718","28,625","15,022","12,027","24,542","8,568","25,474","16,797","157,268","7,520","27,682","10,618","36,118","8,845","7,499","34,463","7,940","16,583"
December,2005,"317,647","161,354","26,804","5,593","12,710","28,660","14,681","12,657","24,198","8,700","25,488","16,544","156,293","7,564","27,846","10,567","36,035","8,695","7,823","34,389","7,576","15,798"
November,2005,"313,203","157,824","26,071","5,332","12,423","28,254","14,755","11,956","24,057","8,635","25,020","16,076","155,379","7,449","27,740","10,166","36,026","9,148","7,897","33,524","7,788","15,641"
October,2005,"317,361","157,883","26,260","5,483","12,107","28,420","15,055","11,906","24,399","8,440","24,962","15,906","159,478","7,441","27,243","10,328","35,874","8,877","7,851","37,960","7,772","16,132"
September,2005,"311,945","154,392","25,796","5,320","11,683","28,898","15,672","11,192","23,812","8,044","24,164","15,483","157,553","7,554","27,800","9,738","35,527","8,878","7,709","37,198","7,718","15,431"
August,2005,"306,650","153,498","26,628","5,354","11,348","28,447","15,529","10,932","23,975","7,911","23,982","14,921","153,152","7,387","26,341","9,886","35,521","8,523","7,664","34,845","7,816","15,169"
July,2005,"301,794","151,274","25,637","5,263","11,446","27,574","14,793","10,699","23,824","7,813","24,190","14,828","150,520","7,178","26,797","10,320","35,394","9,009","7,496","31,461","7,627","15,238"
June,2005,"297,517","149,950","25,162","5,245","11,135","27,318","14,515","10,978","23,531","7,707","24,048","14,826","147,567","7,053","27,027","10,277","35,300","8,594","7,570","28,913","7,770","15,063"
May,2005,"297,053","150,188","24,531","5,153","11,136","27,745","15,333","11,148","23,581","7,645","23,927","15,322","146,865","7,150","26,566","10,326","35,267","8,897","7,498","27,909","7,819","15,433"
April,2005,"298,228","150,364","24,335","5,131","11,329","27,062","14,727","11,364","24,186","7,561","23,519","15,877","147,864","7,080","26,706","10,275","34,604","9,027","7,513","29,435","7,701","15,523"
March,2005,"294,069","148,372","24,561","5,093","11,248","26,550","14,323","11,145","23,164","7,573","23,053","15,985","145,697","7,073","25,775","10,013","34,454","8,641","7,345","28,982","7,572","15,842"
February,2005,"294,847","149,236","24,571","5,078","11,566","26,857","14,729","11,385","22,686","7,588","23,080","16,425","145,611","7,241","26,257","9,838","34,618","8,924","7,380","27,649","7,551","16,153"
January,2005,"293,241","148,975","23,862","5,055","11,502","26,650","14,744","11,420","23,208","7,555","23,022","16,701","144,266","7,216","27,068","9,665","34,306","8,986","7,268","26,255","7,520","15,982"
December,2004,"291,522","149,307","24,150","5,099","11,141","27,039","14,771","11,444","22,893","7,304","23,665","16,572","142,215","7,136","25,010","10,059","34,636","9,261","7,072","25,892","7,425","15,724"
November,2004,"287,485","145,579","23,489","5,027","10,601","26,450","14,264","11,072","22,337","7,226","22,512","16,865","141,906","7,136","25,563","9,351","34,288","9,010","7,070","27,075","7,328","15,085"
October,2004,"283,793","143,524","24,240","4,965","10,562","25,827","13,521","10,772","22,070","7,103","22,381","15,604","140,269","7,008","25,265","9,356","34,068","9,179","6,802","26,441","7,327","14,823"
September,2004,"280,106","141,537","23,948","5,122","10,853","25,523","13,442","10,752","22,074","7,111","21,211","14,943","138,569","7,008","24,918","9,595","33,695","9,133","6,732","25,099","7,230","15,159"
August,2004,"279,496","142,735","23,454","5,193","11,159","25,576","13,397","10,854","22,494","7,071","21,853","15,081","136,761","6,857","24,463","9,423","33,680","9,260","6,739","23,751","7,146","15,442"
July,2004,"276,022","141,611","23,620","4,984","10,714","26,439","14,490","10,254","22,228","7,036","21,699","14,637","134,411","6,834","24,625","9,104","33,004","9,115","6,569","23,172","7,181","14,807"
June,2004,"274,798","140,274","24,103","4,843","10,679","25,956","13,849","9,866","22,456","7,054","21,163","14,154","134,524","6,838","23,880","9,355","33,022","9,552","6,464","23,602","7,095","14,716"
May,2004,"274,203","139,576","23,568","5,009","10,961","25,269","13,458","9,533","22,972","6,977","21,117","14,170","134,627","6,760","24,022","9,455","32,998","9,875","6,276","23,476","7,232","14,533"
April,2004,"272,877","139,284","24,135","4,926","10,725","25,189","13,667","9,861","21,912","6,931","21,184","14,421","133,593","6,699","23,829","9,280","33,040","10,410","6,300","22,177","7,144","14,714"
March,2004,"272,639","137,551","23,372","4,848","10,464","25,169","13,551","9,685","21,153","6,955","21,507","14,398","135,088","6,614","23,867","9,657","33,811","10,356","6,293","22,759","6,968","14,763"
February,2004,"264,437","132,204","22,839","4,760","9,544","25,224","13,439","8,457","20,995","6,461","20,205","13,719","132,233","6,454","23,079","9,535","32,776","10,057","6,139","22,845","7,072","14,276"
January,2004,"258,202","127,750","21,623","4,775","9,260","24,747","13,255","7,834","20,245","6,485","19,436","13,345","130,452","6,188","23,103","9,049","32,867","10,139","6,105","21,770","7,235","13,996"
December,2003,"257,983","127,886","23,147","4,724","9,103","24,126","12,771","7,499","20,101","6,405","19,623","13,158","130,097","6,347","23,360","9,421","32,762","10,187","6,052","20,766","7,075","14,127"
November,2003,"255,060","127,399","22,612","4,689","9,640","24,070","12,663","7,157","20,379","6,477","19,217","13,158","127,661","6,192","23,187","9,241","33,319","10,336","5,984","18,760","6,997","13,645"
October,2003,"253,729","125,588","21,943","4,677","9,606","23,448","12,556","6,906","20,443","6,373","19,367","12,825","128,141","6,296","23,345","9,051","33,672","10,081","6,012","19,089","7,107","13,488"
September,2003,"249,360","124,028","21,730","4,724","9,441","23,186","12,172","6,892","19,833","6,426","19,512","12,284","125,332","6,211","22,933","9,196","33,731","9,177","5,920","18,198","6,896","13,070"
August,2003,"247,738","121,898","21,506","4,706","8,949","22,890","11,909","6,738","19,260","6,302","19,707","11,840","125,840","5,997","23,337","8,969","33,718","8,971","5,800","18,842","7,027","13,179"
July,2003,"247,901","122,708","21,830","4,708","8,979","23,350","12,476","6,802","19,537","6,250","19,447","11,805","125,193","6,156","23,273","8,855","34,149","8,397","5,936","18,302","7,146","12,979"
June,2003,"245,465","121,451","21,564","4,641","8,556","23,029","12,109","6,613","19,301","6,191","19,435","12,121","124,014","6,166","22,589","8,698","33,866","9,295","5,886","17,891","6,736","12,887"
May,2003,"241,416","119,493","21,349","4,600","8,177","22,891","12,110","6,651","18,629","6,159","19,177","11,860","121,923","6,041","22,592","8,683","33,736","8,680","5,924","17,066","6,714","12,487"
April,2003,"242,543","119,543","21,352","4,460","8,175","23,605","12,929","6,526","18,848","6,014","18,751","11,812","123,000","6,111","22,190","8,673","33,562","8,596","5,885","17,855","6,782","13,346"
March,2003,"246,870","119,852","21,332","4,550","8,226","23,142","12,319","6,625","18,967","6,062","18,737","12,211","127,018","6,222","21,882","8,674","33,526","8,605","5,950","21,866","6,831","13,462"
February,2003,"244,835","116,962","20,319","4,553","7,976","22,818","12,299","6,429","18,653","5,836","18,361","12,017","127,873","6,099","21,582","8,611","33,458","9,216","5,777","22,538","6,742","13,850"
January,2003,"244,524","118,768","21,472","4,445","8,299","22,769","12,203","6,531","18,390","5,908","18,979","11,975","125,756","6,155","21,353","8,928","32,873","9,574","5,790","20,772","6,600","13,711"
December,2002,"239,511","116,816","21,115","4,274","7,765","22,620","12,288","6,510","18,368","5,646","18,618","11,900","122,695","6,105","21,239","8,419","32,793","9,734","5,504","18,607","6,923","13,371"
November,2002,"242,479","118,910","21,701","4,510","7,824","23,131","12,365","6,666","18,534","5,731","18,519","12,294","123,569","6,136","21,519","9,121","32,793","9,618","5,639","18,253","6,584","13,906"
October,2002,"238,912","118,203","20,858","4,390","7,923","23,253","12,960","7,024","18,164","5,722","18,784","12,085","120,709","6,052","20,654","8,630","32,690","8,951","5,747","17,996","6,441","13,548"
September,2002,"240,070","119,846","21,364","4,451","7,884","23,606","13,245","6,940","18,435","5,817","19,122","12,227","120,224","6,105","20,688","8,826","32,571","8,964","5,851","16,875","6,625","13,719"
August,2002,"240,158","120,515","22,215","4,488","7,805","23,137","13,241","6,948","18,466","5,983","18,696","12,777","119,643","6,083","20,309","9,142","32,466","8,917","5,767","16,462","6,577","13,920"
July,2002,"238,061","119,464","21,109","4,474","7,670","22,844","12,971","7,100","18,634","5,821","19,108","12,704","118,597","6,162","20,062","9,115","32,264","8,651","5,662","16,273","6,620","13,788"
June,2002,"236,773","119,943","20,917","4,643","7,898","23,282","13,008","7,148","18,504","5,809","19,363","12,379","116,830","6,093","20,693","8,830","31,958","8,249","5,669","15,478","6,596","13,264"
May,2002,"235,481","119,119","20,800","4,454","7,958","22,595","12,498","6,847","19,180","5,861","19,512","11,912","116,362","5,994","20,143","8,936","31,587","7,988","5,854","16,113","6,554","13,193"
April,2002,"234,124","118,186","20,873","4,500","8,196","21,837","11,738","6,813","18,815","6,029","19,283","11,840","115,938","5,988","20,296","8,803","31,509","8,196","5,651","15,919","6,591","12,985"
March,2002,"229,851","116,287","20,311","4,459","8,119","21,970","11,932","6,508","18,505","5,999","18,777","11,639","113,564","5,939","20,202","8,783","31,567","7,845","5,310","14,201","6,692","13,025"
February,2002,"230,432","117,505","20,426","4,388","8,228","22,036","12,064","6,535","18,775","6,072","18,888","12,157","112,927","6,005","19,866","8,653","32,127","7,892","5,548","13,041","6,541","13,254"
January,2002,"228,647","116,191","20,104","4,442","7,903","22,038","12,143","6,556","18,606","5,896","18,863","11,783","112,456","5,980","19,728","8,265","31,746","7,988","5,469","13,605","6,333","13,342"
December,2001,"227,036","115,280","19,509","4,356","7,809","21,773","12,169","6,533","18,428","5,909","19,383","11,580","111,756","6,075","19,161","8,385","31,571","7,596","5,342","13,670","6,521","13,435"
November,2001,"227,826","115,937","20,173","4,413","7,637","21,416","11,966","6,717","19,234","5,908","19,602","10,837","111,889","6,169","18,891","8,548","31,354","7,527","5,363","14,219","6,381","13,437"
October,2001,"227,749","114,882","19,974","4,386","7,545","21,214","12,001","6,767","18,507","5,825","19,196","11,468","112,867","6,005","19,234","8,500","31,211","7,980","5,307","14,355","6,134","14,141"
September,2001,"231,493","116,879","19,214","4,259","7,433","21,948","12,762","7,032","18,411","5,701","20,768","12,113","114,614","6,059","18,588","8,234","31,245","8,223","5,289","16,305","6,120","14,551"
August,2001,"232,379","118,721","20,101","4,349","7,576","22,116","12,503","7,171","18,536","5,716","20,891","12,265","113,658","6,311","17,674","8,237","31,290","8,674","5,289","15,622","6,179","14,382"
July,2001,"231,346","118,352","19,788","4,311","7,556","22,706","12,775","7,047","18,658","5,655","20,487","12,144","112,994","6,349","17,397","8,056","31,350","8,506","5,432","15,301","6,336","14,267"
June,2001,"229,955","117,387","19,603","4,298","7,486","22,434","12,872","7,132","18,155","5,560","20,425","12,294","112,568","6,409","17,183","8,199","31,268","8,074","5,296","16,069","6,231","13,839"
May,2001,"234,143","119,976","19,858","4,273","7,642","23,147","13,360","7,302","19,226","5,771","20,825","11,932","114,167","6,516","16,776","8,463","31,425","8,533","5,384","17,119","6,164","13,787"
April,2001,"233,352","119,745","19,455","4,416","7,359","22,965","12,999","7,165","19,764","5,482","20,956","12,183","113,607","6,562","16,335","8,102","32,044","8,629","5,311","16,689","6,204","13,731"
March,2001,"233,603","120,979","19,243","4,489","7,260","22,446","13,161","7,143","20,723","5,810","21,500","12,365","112,624","6,487","16,179","7,772","31,526","9,261","5,417","15,945","5,935","14,102"
February,2001,"237,781","122,103","18,841","4,463","7,249","22,917","13,581","7,428","20,903","5,914","21,735","12,653","115,678","6,636","16,336","8,171","31,427","9,165","5,442","17,765","6,300","14,436"
January,2001,"239,255","122,399","19,038","4,442","7,187","22,835","13,820","7,327","21,647","5,860","21,260","12,803","116,856","6,648","16,539","8,268","31,459","8,890","5,310","18,886","6,360","14,496"
December,2000,"239,613","122,701","18,691","4,436","7,304","22,142","13,171","7,862","22,063","6,034","20,947","13,222","116,912","6,629","15,807","8,318","32,289","8,967","5,468","18,814","6,088","14,532"
November,2000,"237,251","123,858","18,869","4,435","7,127","23,323","14,639","7,712","21,713","5,929","21,687","13,063","113,393","6,566","15,555","8,068","31,439","8,041","5,310","18,040","6,111","14,263"
October,2000,"238,481","125,120","18,658","4,522","7,150","24,055","14,684","7,613","21,888","6,090","21,689","13,455","113,361","6,582","15,452","8,103","31,182","8,643","5,378","17,719","6,150","14,152"
September,2000,"237,498","124,691","18,743","4,538","7,106","23,488","14,304","7,696","22,382","6,053","21,451","13,234","112,807","6,528","15,058","8,053","31,003","8,623","5,302","17,838","6,113","14,289"
August,2000,"235,215","124,666","18,661","4,417","7,078","23,892","14,875","7,744","22,363","5,983","21,494","13,034","110,549","6,520","15,126","7,973","31,139","8,661","5,289","16,172","6,016","13,653"
July,2000,"235,378","124,224","18,291","4,416","7,102","23,282","14,264","7,752","22,024","6,022","21,695","13,640","111,154","6,518","14,884","8,064","31,428","8,830","5,205","16,409","5,828","13,988"
June,2000,"236,402","124,271","18,577","4,429","7,287","23,063","13,884","7,759","22,125","6,117","21,602","13,312","112,131","6,386","14,713","8,159","31,352","8,999","5,238","16,721","5,979","14,584"
May,2000,"233,622","124,136","18,300","4,415","7,337","23,555","14,785","7,781","21,532","6,106","21,142","13,968","109,486","6,464","14,451","8,136","31,373","8,842","5,120","15,019","5,877","14,204"
April,2000,"232,971","124,472","18,587","4,350","7,346","24,000","15,209","7,883","21,222","6,020","21,336","13,728","108,499","6,422","14,194","8,062","31,167","8,719","5,157","14,575","5,825","14,378"
March,2000,"231,906","123,111","18,202","4,250","7,513","23,993","15,287","8,024","20,832","5,989","20,911","13,397","108,795","6,461","14,038","7,967","30,832","8,462","5,080","15,546","5,839","14,570"
February,2000,"228,883","122,647","18,388","4,270","7,438","23,737","14,841","7,912","20,792","5,910","21,006","13,194","106,236","6,361","13,600","7,814","30,714","8,168","4,795","15,228","5,731","13,825"
January,2000,"229,894","124,516","18,332","4,232","7,688","24,065","15,171","8,193","21,162","5,901","21,473","13,470","105,378","6,415","13,361","7,672","30,792","7,995","5,011","13,972","5,757","14,403"
December,1999,"227,783","123,413","18,601","4,137","7,626","24,399","15,377","7,804","20,793","5,807","20,807","13,439","104,370","6,109","13,780","7,638","30,851","7,877","4,998","13,531","5,724","13,862"
November,1999,"226,182","121,739","18,366","4,048","7,802","24,381","15,236","7,529","20,055","5,758","20,802","12,998","104,443","6,360","13,384","7,642","30,688","8,329","4,996","13,317","5,836","13,891"
October,1999,"223,817","120,996","18,735","4,099","7,558","24,336","15,514","7,324","19,524","5,719","20,760","12,941","102,821","6,393","12,922","7,520","30,527","8,398","4,916","12,700","5,843","13,602"
September,1999,"220,899","118,823","18,167","3,949","7,509","23,622","14,762","6,985","19,166","5,714","20,668","13,043","102,076","6,284","12,853","7,584","30,477","8,481","4,819","12,739","5,799","13,040"
August,1999,"218,978","117,990","17,740","3,978","7,401","23,842","15,059","6,910","18,906","5,786","20,872","12,555","100,988","6,203","12,927","7,501","29,793","8,183","4,881","12,702","5,625","13,173"
July,1999,"217,499","117,878","18,073","4,036","7,625","23,684","14,895","7,027","18,693","5,752","20,788","12,200","99,621","6,158","12,732","7,504","29,382","8,392","4,831","12,043","5,532","13,047"
June,1999,"216,526","116,794","17,675","3,842","7,522","23,496","14,133","7,008","18,361","5,705","20,807","12,378","99,732","6,146","12,610","7,500","29,277","8,831","4,971","11,461","5,539","13,397"
May,1999,"214,770","115,864","17,436","3,840","7,356","23,314","14,555","7,056","18,098","5,719","20,697","12,348","98,906","6,035","12,464","7,607","29,745","8,789","4,744","11,279","5,510","12,733"
April,1999,"210,145","113,669","17,117","3,774","7,171","22,798","14,050","7,027","17,895","5,673","20,327","11,887","96,476","5,930","12,337","7,543","28,967","7,992","4,640","10,977","5,483","12,607"
March,1999,"209,359","113,663","16,742","3,739","7,121","22,866","14,244","7,242","17,720","5,687","20,652","11,894","95,696","5,682","11,934","7,773","29,139","8,414","4,692","10,221","5,387","12,454"
February,1999,"206,856","113,328","17,431","3,764","6,986","22,492","13,984","7,268","17,551","5,614","20,166","12,056","93,528","5,918","11,743","7,203","28,684","8,495","4,473","9,073","5,415","12,524"
January,1999,"204,181","110,533","15,825","3,688","6,800","22,186","13,566","7,361","17,006","5,653","20,121","11,893","93,648","5,858","11,616","7,312","28,558","8,266","4,754","9,504","5,427","12,353"
December,1998,"204,997","109,529","15,839","3,676","6,945","21,698","12,836","7,084","16,877","5,620","20,325","11,465","95,468","5,886","11,403","7,174","28,716","9,229","4,727","9,538","5,354","13,441"
November,1998,"203,149","108,704","15,728","3,721","6,881","21,250","12,794","7,116","16,885","5,580","20,195","11,348","94,445","5,756","11,023","7,141","28,649","8,891","4,803","9,834","5,257","13,091"
October,1998,"203,185","108,833","15,499","3,553","6,869","21,763","12,929","7,174","17,166","5,409","19,905","11,495","94,352","5,769","10,891","7,470","28,875","8,913","4,781","9,905","5,327","12,421"
September,1998,"202,070","108,625","15,741","3,611","6,754","21,498","12,924","7,358","16,700","5,439","20,351","11,173","93,445","5,809","10,671","6,851","28,715","8,798","4,689","9,781","5,471","12,660"
August,1998,"200,940","108,889","15,563","3,606","6,788","21,726","13,264","7,369","16,684","5,451","20,161","11,541","92,051","5,720","10,452","7,236","28,583","8,833","4,689","9,377","5,061","12,100"
July,1998,"202,201","109,180","15,386","3,555","6,725","21,577","13,540","7,374","16,792","5,551","20,049","12,171","93,021","5,723","10,419","7,171","28,785","8,783","4,621","10,100","5,132","12,287"
June,1998,"200,992","108,935","15,082","3,607","6,530","21,530","13,717","7,384","16,708","5,514","20,488","12,092","92,057","5,786","10,084","7,098","28,459","8,767","4,615","10,131","4,929","12,188"
May,1998,"202,077","108,776","15,235","3,521","6,501","21,032","13,256","7,438","16,950","5,467","20,570","12,062","93,301","5,759","10,104","7,129","28,340","9,048","4,701","10,165","5,094","12,961"
April,1998,"202,434","109,526","15,204","3,524","6,482","21,458","13,548","7,470","16,790","5,360","20,587","12,651","92,908","5,781","9,989","7,246","28,339","9,106","4,620","10,014","5,090","12,723"
March,1998,"202,223","109,199","15,151","3,565","6,386","21,269","13,184","7,672","16,742","5,322","20,243","12,849","93,024","5,803","10,391","7,450","28,027","9,392","4,611","10,059","5,049","12,242"
February,1998,"200,976","108,189","14,559","3,460","6,466","21,228","12,918","7,504","16,524","5,454","20,400","12,594","92,787","5,658","10,101","7,454","28,394","9,581","4,730","10,037","4,925","11,907"
January,1998,"201,068","107,917","14,654","3,609","6,518","20,903","12,643","7,514","16,396","5,475","20,264","12,584","93,151","5,624","9,910","7,441","27,688","10,540","4,741","10,270","4,885","12,052"
December,1997,"199,039","106,054","13,362","3,522","6,507","20,831","12,677","7,813","16,520","5,342","19,333","12,824","92,985","5,560","9,385","7,166","27,424","10,663","4,656","11,049","5,165","11,917"
November,1997,"199,693","106,820","14,493","3,435","6,322","20,749","12,776","7,785","16,294","5,319","19,154","13,269","92,873","5,723","9,312","7,088","27,406","10,863","4,670","11,233","4,880","11,698"
October,1997,"199,698","106,249","14,659","3,510","6,396","20,162","12,119","7,784","16,210","5,349","19,274","12,905","93,449","5,607","9,187","6,948","27,036","12,275","4,698","10,937","4,905","11,856"
September,1997,"200,474","107,063","14,685","3,545","6,534","20,170","12,330","7,811","16,615","5,284","19,011","13,408","93,411","5,608","9,189","7,122","27,133","11,230","4,788","11,215","4,985","12,141"
August,1997,"197,328","104,419","13,689","3,221","6,543","19,551","11,941","7,671","16,742","5,214","18,659","13,129","92,909","5,553","9,185","7,114","27,412","10,489","4,743","11,737","4,921","11,755"
July,1997,"197,978","105,646","14,501","3,265","6,516","19,531","11,689","7,650","16,738","5,294","19,131","13,020","92,332","5,404","9,119","7,278","27,445","10,398","4,820","11,197","4,916","11,755"
June,1997,"197,465","104,642","14,786","3,209","6,499","19,852","11,801","7,741","16,335","5,146","18,597","12,477","92,823","5,319","8,937","6,851","27,809","10,838","4,759","11,347","4,757","12,206"
May,1997,"197,677","103,879","14,690","3,212","6,405","19,457","11,504","7,502","16,333","5,133","18,387","12,760","93,798","5,303","8,812","6,995","27,884","11,084","4,594","11,487","4,860","12,779"
April,1997,"196,608","103,947","14,156","3,312","6,606","19,471","11,570","7,643","16,066","5,296","18,258","13,139","92,661","5,653","8,676","7,064","27,473","11,144","4,661","10,999","4,626","12,365"
March,1997,"197,622","102,696","14,511","3,249","6,430","19,020","11,099","7,296","16,062","5,108","18,029","12,991","94,926","5,516","8,666","6,845","28,323","10,855","4,613","12,412","4,810","12,886"
February,1997,"199,102","104,294","14,506","3,475","6,521","19,493","11,378","7,551","15,934","5,086","18,578","13,150","94,808","5,720","8,464","7,034","27,534","11,496","4,553","12,636","4,711","12,660"
January,1997,"194,379","100,684","14,279","3,309","6,153","18,549","10,908","7,331","15,710","5,045","17,480","12,828","93,695","5,479","8,362","6,868","27,387","11,090","4,467","13,291","4,657","12,094"
December,1996,"192,137","100,201","14,271","3,312","6,158","18,332",NA,"7,311","14,730","5,123","17,999","12,965","91,936","5,402","8,291","6,762","25,920","11,588","4,462","12,998","4,604","11,909"
November,1996,"194,369","102,015","14,207","3,326","6,446","19,489",NA,"7,390","15,504","5,125","18,084","12,444","92,354","5,314","8,219","6,302","26,723","11,729","4,441","12,717","4,691","12,218"
October,1996,"193,329","100,228","14,197","3,200","6,263","18,171",NA,"7,161","15,623","5,117","17,708","12,788","93,101","5,390","8,269","6,519","27,028","11,563","4,521","12,751","4,624","12,436"
September,1996,"191,679","99,791","13,996","3,235","6,279","18,444",NA,"7,045","15,600","5,197","17,051","12,944","91,888","5,331","8,214","6,521","26,212","12,207","4,505","11,993","4,571","12,334"
August,1996,"191,939","98,567","14,082","3,131","6,227","18,570",NA,"7,188","15,328","4,905","16,829","12,307","93,372","5,413","7,882","6,229","26,983","13,050","4,489","11,620","4,726","12,980"
July,1996,"190,819","98,108","14,224","3,186","6,071","18,440",NA,"7,082","15,388","4,834","16,674","12,209","92,711","5,408","7,797","6,296","26,906","12,830","4,473","11,655","4,666","12,680"
June,1996,"189,016","98,691","14,251","3,248","6,135","18,332",NA,"7,093","15,539","4,901","16,841","12,351","90,325","5,365","7,718","6,281","25,729","12,323","4,494","11,473","4,672","12,270"
May,1996,"188,032","98,303","14,009","3,198","5,934","18,580",NA,"7,326","15,289","4,746","16,766","12,455","89,729","5,393","7,677","5,991","26,084","11,525","4,515","11,851","4,685","12,008"
April,1996,"187,462","97,679","14,446","3,077","5,801","17,969",NA,"7,130","15,644","4,736","17,207","11,669","89,783","5,400","7,551","5,901","25,950","11,982","4,485","11,849","4,633","12,032"
March,1996,"187,580","98,536","14,575","3,018","5,865","18,129",NA,"6,850","16,065","4,804","17,088","12,142","89,044","5,451","7,429","5,858","26,206","12,146","4,394","11,622","4,588","11,350"
February,1996,"185,286","97,049","14,599","3,049","5,658","17,699",NA,"7,126","15,828","4,671","16,697","11,722","88,237","5,415","7,391","5,337","26,428","11,724","4,284","11,354","4,697","11,607"
January,1996,"184,352","96,733","14,616","2,952","5,595","17,315",NA,"7,171","16,050","4,709","16,741","11,584","87,619","5,295","7,415","5,041","26,572","11,607","4,284","11,066","4,635","11,704"
December,1995,"186,968","99,578","14,383","3,071","5,542","17,752",NA,"7,225","16,252","5,022","17,519","12,812","87,390","5,530","7,429","5,849","26,644","10,401","4,399","10,663","4,489","11,986"
November,1995,"184,854","97,571","14,268","3,074","5,483","17,251",NA,"7,304","16,253","4,709","16,660","12,569","87,283","5,497","7,378","5,823","26,443","11,218","4,352","10,329","4,492","11,751"
October,1995,"182,966","96,482","13,915","3,003","5,618","17,295",NA,"7,277","16,010","4,710","16,133","12,521","86,484","5,443","7,229","5,820","26,590","10,872","4,294","10,088","4,447","11,701"
September,1995,"182,123","96,439","14,175","2,982","5,546","17,173",NA,"7,279","16,052","4,798","16,168","12,266","85,684","5,637","7,110","5,630","26,381","10,810","4,137","10,364","4,393","11,222"
August,1995,"181,324","95,584","14,299","3,036","5,484","16,380",NA,"7,139","15,743","4,724","16,335","12,444","85,740","5,605","7,123","5,711","25,921","10,684","4,164","10,585","4,476","11,471"
July,1995,"180,081","94,492","14,038","3,035","5,354","16,553",NA,"7,261","15,457","4,736","15,974","12,084","85,589","5,724","6,933","5,726","25,571","10,613","4,181","10,660","4,305","11,876"
June,1995,"180,181","94,797","14,408","3,012","5,441","16,569",NA,"7,043","15,405","4,687","15,434","12,798","85,384","5,641","6,947","5,675","25,617","10,472","4,173","10,931","4,413","11,515"
May,1995,"178,565","94,940","14,578","3,113","5,567","16,401",NA,"7,157","15,452","4,616","15,717","12,339","83,625","5,527","6,825","5,579","25,670","9,948","4,187","10,877","4,290","10,722"
April,1995,"178,210","93,875","14,214","3,092","5,535","15,719",NA,"7,439","15,254","4,630","15,410","12,582","84,335","5,491","6,967","5,541","25,539","10,488","4,228","10,718","4,276","11,087"
March,1995,"175,256","92,726","13,808","3,152","5,546","15,806",NA,"7,344","14,878","4,630","15,399","12,163","82,530","5,440","6,815","5,430","25,044","10,087","4,043","10,260","4,256","11,155"
February,1995,"177,369","94,218","13,834","3,017","5,638","15,687",NA,"7,304","15,163","4,629","15,722","13,224","83,151","5,396","6,666","5,605","24,873","10,231","4,153","10,701","4,339","11,187"
January,1995,"175,771","93,366","14,070","3,057","5,671","15,553",NA,"7,404","14,981","4,649","15,313","12,668","82,405","5,269","6,534","5,463","25,282","9,965","4,093","10,535","4,417","10,847"
December,1994,"174,127","92,625","14,450","3,015","5,867","15,212",NA,"7,293","14,417","4,832","15,608","11,931","81,502","5,126","6,492","5,569","25,292","9,209","3,959","10,601","4,411","10,843"
November,1994,"171,528","91,055","14,684","2,941","5,724","14,708",NA,"7,077","14,111","4,648","15,171","11,991","80,473","4,800","6,546","5,655","25,291","8,884","3,873","10,595","4,417","10,412"
October,1994,"171,258","90,925","14,421","2,991","5,629","14,447",NA,"7,373","14,164","4,581","15,182","12,137","80,333","4,852","6,750","5,579","24,653","9,145","3,812","10,537","4,357","10,648"
September,1994,"168,187","88,927","14,170","2,917","5,500","14,076",NA,"7,176","13,625","4,595","15,089","11,779","79,260","4,738","6,496","5,612","24,599","8,509","3,740","10,688","4,348","10,530"
August,1994,"168,414","89,261","15,148","2,852","5,525","13,998",NA,"7,162","13,503","4,513","14,972","11,588","79,153","4,710","6,498","5,650","24,347","8,662","3,755","11,073","4,290","10,168"
July,1994,"164,247","86,119","14,316","2,784","5,635","13,639",NA,"6,780","13,070","4,337","14,581","10,977","78,128","4,606","6,522","5,546","23,950","8,720","3,597","10,674","4,381","10,132"
June,1994,"162,652","84,982","13,871","2,652","5,393","13,190",NA,"6,884","13,266","4,363","14,563","10,800","77,670","4,553","6,301","5,786","23,918","8,788","3,533","10,384","4,392","10,015"
May,1994,"161,206","84,445","13,870","2,619","5,439","13,152",NA,"6,691","13,461","4,361","14,141","10,711","76,761","4,534","6,298","5,635","23,766","8,887","3,520","9,963","4,264","9,894"
April,1994,"160,114","83,684","14,142","2,643","5,300","13,375",NA,"6,481","12,701","4,350","13,875","10,817","76,430","4,484","6,675","5,869","23,563","8,317","3,442","9,562","4,357","10,161"
March,1994,"160,546","83,211","14,209","2,625","5,238","13,252",NA,"6,476","12,688","4,353","13,942","10,428","77,335","4,427","6,047","6,071","23,753","8,380","3,438","10,653","4,343","10,223"
February,1994,"157,654","81,767","14,220","2,663","5,071","13,139",NA,"6,323","12,026","4,239","13,839","10,247","75,887","4,352","5,857","5,896","23,560","8,023","3,349","10,561","4,237","10,052"
January,1994,"156,983","81,279","13,851","2,613","5,098","13,250",NA,"6,133","12,048","4,092","13,860","10,334","75,704","4,362","6,149","5,795","23,311","8,258","3,340","10,438","4,218","9,833"
December,1993,"152,929","79,080","12,716","2,530","5,134","12,922",NA,"6,045","12,011","4,057","13,489","10,176","73,849","4,312","5,929","4,994","23,159","8,655","3,315","9,376","4,233","9,876"
November,1993,"156,094","79,935","13,293","2,584","5,255","13,421",NA,"5,883","12,004","3,986","13,570","9,939","76,159","4,386","5,946","5,982","23,431","8,141","3,316","10,594","4,221","10,142"
October,1993,"155,866","80,188","13,749","2,687","4,910","13,750",NA,"5,889","11,977","4,008","13,483","9,735","75,678","4,339","5,875","5,778","23,309","8,209","3,255","10,725","4,296","9,892"
September,1993,"155,380","79,368","13,842","2,687","4,839","13,127",NA,"6,036","11,876","3,874","13,525","9,562","76,012","4,257","5,780","5,860","23,523","8,253","3,347","10,723","4,312","9,957"
August,1993,"154,879","79,377","13,534","2,763","4,826","13,148",NA,"5,991","11,614","3,985","13,543","9,973","75,502","4,178","5,692","5,647","23,503","8,304","3,244","10,486","4,253","10,195"
July,1993,"154,732","79,739","13,796","2,736","4,772","12,926",NA,"6,081","11,454","3,869","13,798","10,307","74,993","4,128","5,592","5,415","23,801","8,242","3,263","10,374","4,274","9,904"
June,1993,"152,751","77,387","12,817","2,751","4,736","12,844",NA,"6,147","10,977","3,814","13,592","9,709","75,364","4,167","5,682","5,416","23,956","8,370","3,300","10,477","4,163","9,833"
May,1993,"156,085","78,460","13,793","2,773","4,715","12,472",NA,"6,155","10,916","3,861","13,820","9,955","77,625","4,134","5,667","5,504","23,945","9,253","3,318","11,237","4,290","10,277"
April,1993,"153,239","77,212","13,436","2,707","4,788","12,746",NA,"5,967","10,736","3,717","13,391","9,724","76,027","4,098","5,649","5,437","23,920","8,587","3,346","11,054","4,254","9,682"
March,1993,"149,841","74,823","12,421","2,543","4,757","12,344",NA,"5,934","10,265","3,692","13,122","9,745","75,018","4,060","5,663","5,060","23,491","8,535","3,370","11,093","4,168","9,578"
February,1993,"152,528","76,934","13,368","2,683","5,179","13,062",NA,"5,880","10,321","3,762","13,114","9,565","75,594","4,093","5,745","5,151","23,494","8,690","3,466","10,953","4,107","9,895"
January,1993,"153,497","77,007","13,633","2,704","4,652","12,401",NA,"6,107","10,156","3,739","13,174","10,441","76,490","4,037","5,731","5,378","24,373","8,703","3,343","10,554","4,124","10,247"
December,1992,"148,469","73,770","13,202","2,681","4,210","11,520",NA,"6,020","9,941","3,731","12,676","9,789","74,699","4,053","5,735","5,401","23,010","8,880","3,346","11,130","4,169","8,975"
November,1992,"149,801","74,205","13,504","2,782","4,348","11,675",NA,"6,025","9,858","3,733","12,627","9,653","75,596","3,994","5,585","5,330","22,763","9,154","3,120","11,507","4,169","9,974"
October,1992,"149,276","72,932","13,661","2,497","4,333","11,394",NA,"5,621","9,364","3,650","12,970","9,442","76,344","3,987","5,661","5,456","22,752","9,159","3,338","12,029","4,095","9,867"
September,1992,"149,251","72,287","13,300","2,576","4,384","11,037",NA,"5,879","9,258","3,664","12,705","9,484","76,964","3,958","5,512","5,180","22,942","10,279","3,348","11,695","4,093","9,957"
August,1992,"147,427","71,985","13,130","2,517","4,282","11,089",NA,"6,232","9,384","3,627","12,417","9,307","75,442","3,963","5,562","5,443","22,690","9,383","3,354","11,433","4,116","9,498"
July,1992,"148,808","72,301","13,070","2,506","4,236","11,284",NA,"5,927","9,502","3,748","11,871","10,157","76,507","4,167","5,616","5,229","23,035","9,285","3,358","12,037","4,109","9,671"
June,1992,"145,989","71,730","13,162","2,618","4,324","10,972",NA,"5,829","9,296","3,726","12,406","9,397","74,259","3,859","5,653","4,769","22,342","8,743","3,312","11,995","4,091","9,495"
May,1992,"144,000","69,791","12,821","2,548","4,261","11,002",NA,"5,774","9,104","3,700","11,942","8,639","74,209","3,992","5,518","5,084","22,511","8,955","3,230","11,287","4,159","9,473"
April,1992,"145,381","71,014","12,876","2,586","4,203","11,388",NA,"5,747","9,309","3,773","12,285","8,847","74,367","4,003","5,444","4,860","22,925","8,902","3,140","11,126","4,397","9,570"
March,1992,"145,306","70,226","13,032","2,555","4,132","10,575",NA,"5,854","9,317","3,621","12,244","8,896","75,080","4,007","5,515","5,105","23,047","9,130","3,197","11,128","4,199","9,752"
February,1992,"144,206","69,749","12,942","2,533","4,166","10,541",NA,"5,834","9,460","3,650","11,692","8,931","74,457","3,958","5,473","5,215","23,062","8,908","3,147","10,823","4,323","9,548"
January,1992,"142,980","67,861","12,652","2,533","3,980","10,350",NA,"5,696","9,472","3,655","11,120","8,403","75,119","4,015","5,491","5,278","22,849","8,841","3,138","10,982","4,302","10,223"
,,,,,,,,,,,,,,,,,,,,,,,
